"Time","Time_traffic","Distance","Status","OriginInd","DestinationInd"
168,149,659,NA,1,2
255,233,1225,NA,1,3
174,146,700,NA,1,4
368,286,1709,NA,1,5
588,474,2479,NA,1,6
380,330,2075,NA,1,7
623,506,2684,NA,1,8
658,540,2749,NA,1,9
696,604,7185,NA,1,10
418,355,2622,NA,1,11
485,410,3430,NA,1,12
599,504,5675,NA,1,13
576,492,4067,NA,1,14
517,417,3287,NA,1,15
777,635,4880,NA,1,16
681,543,4420,NA,1,17
575,463,3755,NA,1,18
601,480,4420,NA,1,19
749,591,4978,NA,1,20
550,452,4304,NA,1,21
591,454,4690,NA,1,22
844,656,5632,NA,1,23
1044,836,6898,NA,1,24
471,403,2856,NA,1,25
438,373,2568,NA,1,26
1157,946,7163,NA,1,27
491,426,2655,NA,1,28
780,600,5194,NA,1,29
945,758,6784,NA,1,30
521,426,3283,NA,1,31
634,514,3983,NA,1,32
1081,825,7325,NA,1,33
750,604,4469,NA,1,34
783,596,5731,NA,1,35
797,635,4740,NA,1,36
1194,1054,10876,NA,1,37
635,516,4057,NA,1,38
1209,944,7760,NA,1,39
630,576,3692,NA,1,40
1173,946,7647,NA,1,41
910,709,6496,NA,1,42
1113,911,7722,NA,1,43
1093,869,7118,NA,1,44
775,663,7441,NA,1,45
593,495,4897,NA,1,46
1410,1088,9240,NA,1,47
1089,821,7306,NA,1,48
815,660,5141,NA,1,49
1275,1143,12951,NA,1,50
1132,988,11949,NA,1,51
1141,1046,12022,NA,1,52
1127,1042,11791,NA,1,53
932,884,9646,NA,1,54
1034,930,12580,NA,1,55
767,683,9250,NA,1,56
1026,892,10631,NA,1,57
1007,861,8323,NA,1,58
1059,861,6579,NA,1,59
1371,1159,14248,NA,1,60
962,781,6148,NA,1,61
241,182,1297,NA,2,3
230,188,1270,NA,2,4
351,261,2109,NA,2,5
481,372,4147,NA,2,6
374,320,2312,NA,2,7
584,486,5044,NA,2,8
530,469,4555,NA,2,9
624,524,6988,NA,2,10
520,385,3586,NA,2,11
530,406,3840,NA,2,12
527,424,5478,NA,2,13
625,533,4646,NA,2,14
561,445,3814,NA,2,15
827,667,5460,NA,2,16
580,460,5690,NA,2,17
572,422,3894,NA,2,18
650,543,5000,NA,2,19
747,550,5118,NA,2,20
474,347,3484,NA,2,21
640,491,5270,NA,2,22
842,615,5771,NA,2,23
1093,876,7478,NA,2,24
326,271,2195,NA,2,25
306,249,1900,NA,2,26
1206,989,7743,NA,2,27
342,282,1997,NA,2,28
777,559,5334,NA,2,29
1080,796,7196,NA,2,30
376,295,2622,NA,2,31
489,381,3322,NA,2,32
1128,829,7296,NA,2,33
627,478,4698,NA,2,34
730,530,4843,NA,2,35
664,508,4903,NA,2,36
1092,963,16671,NA,2,37
490,384,3397,NA,2,38
1258,984,8340,NA,2,39
512,476,3323,NA,2,40
1223,983,8226,NA,2,41
957,712,6466,NA,2,42
1049,862,9255,NA,2,43
923,759,7750,NA,2,44
668,556,7154,NA,2,45
487,397,4610,NA,2,46
1460,1136,9820,NA,2,47
866,676,7449,NA,2,48
697,566,4772,NA,2,49
1092,977,12171,NA,2,50
950,818,11169,NA,2,51
959,880,11242,NA,2,52
945,875,11011,NA,2,53
750,714,8867,NA,2,54
852,759,11800,NA,2,55
585,515,8470,NA,2,56
844,723,9851,NA,2,57
825,683,7543,NA,2,58
873,731,7775,NA,2,59
1189,988,13468,NA,2,60
844,686,5779,NA,2,61
307,254,1744,NA,3,4
293,218,1546,NA,3,5
401,339,3653,NA,3,6
173,142,952,NA,3,7
504,429,4549,NA,3,8
449,407,4060,NA,3,9
543,461,6494,NA,3,10
529,417,3667,NA,3,11
596,473,4475,NA,3,12
446,363,4984,NA,3,13
687,551,5112,NA,3,14
628,478,4333,NA,3,15
888,685,5926,NA,3,16
474,354,3296,NA,3,17
368,276,2631,NA,3,18
711,558,5466,NA,3,19
543,404,3855,NA,3,20
661,514,5349,NA,3,21
702,511,5736,NA,3,22
638,471,4508,NA,3,23
1155,915,7944,NA,3,24
239,220,1612,NA,3,25
348,320,1947,NA,3,26
1268,1003,8209,NA,3,27
368,315,2036,NA,3,28
573,415,4071,NA,3,29
1056,819,7829,NA,3,30
306,267,2353,NA,3,31
418,337,2740,NA,3,32
1192,880,8371,NA,3,33
543,416,3345,NA,3,34
894,657,6777,NA,3,35
590,448,3617,NA,3,36
1012,903,16176,NA,3,37
419,339,2814,NA,3,38
1319,1001,8806,NA,3,39
682,563,5289,NA,3,40
1284,993,8692,NA,3,41
1020,767,7541,NA,3,42
907,734,6599,NA,3,43
887,683,5995,NA,3,44
806,698,10074,NA,3,45
624,528,7530,NA,3,46
1469,1117,13045,NA,3,47
890,641,6380,NA,3,48
818,672,6146,NA,3,49
1041,981,11833,NA,3,50
899,816,10831,NA,3,51
907,885,10904,NA,3,52
894,879,10673,NA,3,53
698,714,8529,NA,3,54
800,762,11462,NA,3,55
534,516,8132,NA,3,56
793,724,9513,NA,3,57
774,679,7205,NA,3,58
822,729,7437,NA,3,59
1138,987,13130,NA,3,60
846,737,7733,NA,3,61
221,167,1050,NA,4,5
440,353,1819,NA,4,6
403,335,2595,NA,4,7
476,400,2024,NA,4,8
511,440,2089,NA,4,9
667,547,5875,NA,4,10
404,301,2836,NA,4,11
378,285,2892,NA,4,12
558,509,3854,NA,4,13
469,365,3529,NA,4,14
464,363,3194,NA,4,15
669,547,4385,NA,4,16
627,480,3535,NA,4,17
557,433,2929,NA,4,18
643,520,4940,NA,4,19
696,529,4094,NA,4,20
593,475,4824,NA,4,21
634,473,5210,NA,4,22
792,610,4642,NA,4,23
937,707,6360,NA,4,24
495,408,3375,NA,4,25
503,410,3179,NA,4,26
1050,817,6625,NA,4,27
550,455,3185,NA,4,28
719,533,4310,NA,4,29
838,628,6245,NA,4,30
545,431,3803,NA,4,31
658,516,4503,NA,4,32
966,743,6714,NA,4,33
773,607,4988,NA,4,34
826,617,6251,NA,4,35
820,638,5260,NA,4,36
1109,949,10338,NA,4,37
659,520,4577,NA,4,38
1102,813,7222,NA,4,39
694,620,4302,NA,4,40
1066,805,7108,NA,4,41
952,731,7015,NA,4,42
1053,852,6838,NA,4,43
1032,805,6233,NA,4,44
839,703,8052,NA,4,45
657,538,5508,NA,4,46
1303,958,8702,NA,4,47
1028,755,6421,NA,4,48
879,703,5751,NA,4,49
1177,1070,14184,NA,4,50
1035,903,13182,NA,4,51
1043,975,13255,NA,4,52
1030,974,13024,NA,4,53
834,805,10880,NA,4,54
936,852,13813,NA,4,55
669,609,10483,NA,4,56
928,815,11864,NA,4,57
910,776,9556,NA,4,58
958,825,9788,NA,4,59
1274,1078,15481,NA,4,60
1026,820,6758,NA,4,61
304,261,1984,NA,5,6
406,322,2346,NA,5,7
407,354,2881,NA,5,8
352,329,2392,NA,5,9
447,383,4825,NA,5,10
637,480,3954,NA,5,11
611,463,4009,NA,5,12
349,290,3315,NA,5,13
656,465,5591,NA,5,14
697,540,4311,NA,5,15
849,675,6416,NA,5,16
407,314,2485,NA,5,17
336,266,1879,NA,5,18
874,682,6710,NA,5,19
475,363,3044,NA,5,20
871,677,6229,NA,5,21
938,761,6894,NA,5,22
571,446,3593,NA,5,23
1123,811,8422,NA,5,24
387,335,3061,NA,5,25
495,448,3396,NA,5,26
1237,923,8687,NA,5,27
515,431,3485,NA,5,28
498,364,3260,NA,5,29
1025,736,8308,NA,5,30
453,381,3802,NA,5,31
403,333,4975,NA,5,32
1153,850,8776,NA,5,33
425,352,5914,NA,5,34
805,690,10668,NA,5,35
462,381,6120,NA,5,36
915,829,14508,NA,5,37
459,378,5232,NA,5,38
1288,924,9284,NA,5,39
529,479,5695,NA,5,40
1253,912,9171,NA,5,41
837,714,11186,NA,5,42
832,681,5788,NA,5,43
812,632,5184,NA,5,44
598,539,9177,NA,5,45
416,366,6633,NA,5,46
1372,1043,11377,NA,5,47
808,586,5371,NA,5,48
618,539,7688,NA,5,49
956,911,13135,NA,5,50
814,733,12133,NA,5,51
822,809,12206,NA,5,52
809,801,11975,NA,5,53
613,638,9830,NA,5,54
715,704,12763,NA,5,55
449,440,9434,NA,5,56
707,645,10815,NA,5,57
689,601,8507,NA,5,58
737,655,8738,NA,5,59
1053,906,14432,NA,5,60
761,662,9035,NA,5,61
613,484,4101,NA,6,7
255,237,1071,NA,6,8
240,195,790,NA,6,9
517,437,4449,NA,6,10
632,463,3924,NA,6,11
562,425,4483,NA,6,12
353,277,2606,NA,6,13
504,371,3781,NA,6,14
647,505,4785,NA,6,15
697,555,4605,NA,6,16
406,312,2818,NA,6,17
534,422,3484,NA,6,18
722,566,4899,NA,6,19
505,385,3567,NA,6,20
810,674,6002,NA,6,21
826,646,6347,NA,6,22
600,451,4220,NA,6,23
971,714,6612,NA,6,24
560,479,5319,NA,6,25
787,610,4679,NA,6,26
1085,824,6877,NA,6,27
688,575,5743,NA,6,28
693,524,4738,NA,6,29
873,632,6498,NA,6,30
626,523,6060,NA,6,31
577,480,7233,NA,6,32
1001,748,6966,NA,6,33
598,499,8172,NA,6,34
1018,798,7388,NA,6,35
636,528,8378,NA,6,36
969,830,9346,NA,6,37
633,519,7490,NA,6,38
1136,820,7474,NA,6,39
702,625,7953,NA,6,40
1101,812,7361,NA,6,41
1105,832,7015,NA,6,42
875,724,6383,NA,6,43
858,635,5824,NA,6,44
771,685,11435,NA,6,45
589,512,8891,NA,6,46
1220,913,9567,NA,6,47
906,666,6087,NA,6,48
792,683,9946,NA,6,49
1130,1059,15393,NA,6,50
988,878,14391,NA,6,51
996,955,14464,NA,6,52
982,951,14233,NA,6,53
787,783,12088,NA,6,54
889,859,15022,NA,6,55
622,591,11692,NA,6,56
881,791,13073,NA,6,57
862,746,10765,NA,6,58
911,796,10997,NA,6,59
1226,1063,16690,NA,6,60
935,807,11293,NA,6,61
678,574,5400,NA,7,8
623,519,4911,NA,7,9
725,595,4153,NA,7,10
703,561,4518,NA,7,11
770,591,5326,NA,7,12
486,390,2712,NA,7,13
861,667,5963,NA,7,14
802,624,5184,NA,7,15
1062,840,6777,NA,7,16
390,298,2537,NA,7,17
284,221,1872,NA,7,18
885,699,6317,NA,7,19
458,348,3096,NA,7,20
835,660,6200,NA,7,21
876,655,6587,NA,7,22
553,415,3749,NA,7,23
1329,1012,8795,NA,7,24
430,350,2526,NA,7,25
536,447,2863,NA,7,26
1442,1123,9060,NA,7,27
556,458,2893,NA,7,28
496,371,3431,NA,7,29
1230,933,8680,NA,7,30
291,231,1671,NA,7,31
381,299,2129,NA,7,32
1366,1031,9222,NA,7,33
459,362,2586,NA,7,34
1068,806,7628,NA,7,35
506,394,2858,NA,7,36
1186,1050,17027,NA,7,37
420,333,2445,NA,7,38
1494,1119,9657,NA,7,39
701,603,5981,NA,7,40
1458,1110,9543,NA,7,41
1009,825,11472,NA,7,42
830,690,5959,NA,7,43
810,641,5355,NA,7,44
770,663,9464,NA,7,45
588,489,6920,NA,7,46
1695,1260,11137,NA,7,47
806,595,5542,NA,7,48
790,659,7974,NA,7,49
1143,1056,13393,NA,7,50
1001,875,12391,NA,7,51
1009,952,12464,NA,7,52
996,948,12233,NA,7,53
800,778,10089,NA,7,54
902,856,13022,NA,7,55
635,587,9692,NA,7,56
894,788,11073,NA,7,57
875,742,8765,NA,7,58
924,791,8997,NA,7,59
1240,1059,14690,NA,7,60
948,801,9293,NA,7,61
135,131,311,NA,8,9
649,604,4946,NA,8,10
626,525,4023,NA,8,11
601,510,4078,NA,8,12
485,446,3102,NA,8,13
559,422,3833,NA,8,14
687,586,4380,NA,8,15
752,605,4657,NA,8,16
539,479,3314,NA,8,17
666,585,3981,NA,8,18
778,612,4952,NA,8,19
638,546,4064,NA,8,20
866,724,6054,NA,8,21
881,698,6399,NA,8,22
733,614,4717,NA,8,23
1027,768,6664,NA,8,24
693,649,5815,NA,8,25
801,754,6150,NA,8,26
1140,873,6929,NA,8,27
821,747,6239,NA,8,28
826,691,5234,NA,8,29
928,689,6550,NA,8,30
759,694,6556,NA,8,31
709,652,7729,NA,8,32
1056,801,7018,NA,8,33
731,674,8669,NA,8,34
1074,848,7440,NA,8,35
768,704,8874,NA,8,36
913,800,8491,NA,8,37
765,697,7986,NA,8,38
1192,874,7526,NA,8,39
835,801,8449,NA,8,40
1157,866,7413,NA,8,41
1161,881,7067,NA,8,42
1007,894,6879,NA,8,43
990,804,6320,NA,8,44
904,857,11932,NA,8,45
722,685,9388,NA,8,46
1256,965,9916,NA,8,47
1039,834,6584,NA,8,48
924,854,10442,NA,8,49
1262,1225,15889,NA,8,50
1120,1045,14887,NA,8,51
1128,1117,14960,NA,8,52
1115,1116,14729,NA,8,53
943,858,11801,NA,8,54
1021,1024,15518,NA,8,55
755,759,12188,NA,8,56
1014,963,13569,NA,8,57
995,927,11261,NA,8,58
1043,971,11493,NA,8,59
1359,1229,17186,NA,8,60
1067,983,11789,NA,8,61
601,521,4842,NA,9,10
721,586,4565,NA,9,11
695,569,4620,NA,9,12
437,410,2999,NA,9,13
654,490,4375,NA,9,14
781,649,4922,NA,9,15
847,674,5200,NA,9,16
491,443,3211,NA,9,17
618,548,3877,NA,9,18
872,680,5494,NA,9,19
590,511,3960,NA,9,20
960,790,6596,NA,9,21
976,764,6941,NA,9,22
685,528,4613,NA,9,23
1122,832,7206,NA,9,24
645,567,5712,NA,9,25
753,716,6047,NA,9,26
1235,946,7471,NA,9,27
773,707,6136,NA,9,28
777,649,5131,NA,9,29
1023,757,7092,NA,9,30
710,598,6139,NA,9,31
661,616,7626,NA,9,32
1151,869,7560,NA,9,33
683,634,8565,NA,9,34
1168,915,7982,NA,9,35
720,662,8771,NA,9,36
1040,918,8802,NA,9,37
717,657,7883,NA,9,38
1286,947,8068,NA,9,39
787,758,8346,NA,9,40
1251,936,7955,NA,9,41
1255,953,7609,NA,9,42
961,782,6721,NA,9,43
942,758,6217,NA,9,44
856,815,11828,NA,9,45
674,644,9284,NA,9,46
1382,1084,10226,NA,9,47
991,794,6480,NA,9,48
876,815,10339,NA,9,49
1214,1180,15786,NA,9,50
1072,1011,14784,NA,9,51
1080,1078,14857,NA,9,52
1067,1073,14626,NA,9,53
871,909,12481,NA,9,54
973,982,15414,NA,9,55
706,708,12085,NA,9,56
965,913,13466,NA,9,57
947,875,11158,NA,9,58
995,925,11389,NA,9,59
1311,1181,17083,NA,9,60
1019,935,11686,NA,9,61
880,701,8077,NA,10,11
855,684,8132,NA,10,12
266,227,1384,NA,10,13
912,772,8626,NA,10,14
940,764,8434,NA,10,15
1082,906,9165,NA,10,16
488,381,2758,NA,10,17
548,454,3381,NA,10,18
1150,916,9464,NA,10,19
525,439,3571,NA,10,20
1117,898,10463,NA,10,21
1158,904,11715,NA,10,22
612,516,4389,NA,10,23
1179,978,10790,NA,10,24
632,563,7295,NA,10,25
740,663,7630,NA,10,26
1338,1052,11439,NA,10,27
760,660,7719,NA,10,28
700,585,4906,NA,10,29
1256,1028,11051,NA,10,30
698,603,8036,NA,10,31
648,570,9209,NA,10,32
1385,1146,11519,NA,10,33
670,592,10148,NA,10,34
1050,929,14902,NA,10,35
707,625,10353,NA,10,36
976,872,12359,NA,10,37
705,614,9466,NA,10,38
1402,1104,11824,NA,10,39
774,714,9929,NA,10,40
1485,1207,11914,NA,10,41
1082,935,15420,NA,10,42
684,573,4919,NA,10,43
869,697,5992,NA,10,44
843,772,13411,NA,10,45
661,604,10867,NA,10,46
1413,1091,11997,NA,10,47
853,750,7432,NA,10,48
863,775,11921,NA,10,49
1201,1118,17369,NA,10,50
1059,959,16367,NA,10,51
1067,1018,16440,NA,10,52
1054,1017,16209,NA,10,53
858,862,14064,NA,10,54
960,922,16997,NA,10,55
694,656,13668,NA,10,56
953,865,15049,NA,10,57
934,830,12740,NA,10,58
982,880,12972,NA,10,59
1298,1124,18666,NA,10,60
1006,890,13269,NA,10,61
163,136,529,NA,11,12
840,722,6069,NA,11,13
292,240,1661,NA,11,14
199,170,609,NA,11,15
492,422,2517,NA,11,16
910,702,5750,NA,11,17
806,647,6198,NA,11,18
485,412,2517,NA,11,19
980,773,7422,NA,11,20
365,352,2329,NA,11,21
475,366,2787,NA,11,22
1074,830,6857,NA,11,23
759,581,4492,NA,11,24
702,581,5299,NA,11,25
705,580,5015,NA,11,26
873,691,4758,NA,11,27
740,611,5112,NA,11,28
1001,750,6525,NA,11,29
661,501,4378,NA,11,30
752,604,5727,NA,11,31
865,686,6426,NA,11,32
789,617,4846,NA,11,33
981,782,6912,NA,11,34
621,533,3687,NA,11,35
1028,814,7184,NA,11,36
1070,919,9615,NA,11,37
866,692,6501,NA,11,38
924,691,5355,NA,11,39
593,543,4160,NA,11,40
889,679,5241,NA,11,41
794,618,4593,NA,11,42
1335,1077,9053,NA,11,43
1315,1018,8449,NA,11,44
813,671,5181,NA,11,45
744,649,6149,NA,11,46
1126,827,6835,NA,11,47
1164,973,12515,NA,11,48
933,801,6424,NA,11,49
1459,1289,16399,NA,11,50
1317,1136,15398,NA,11,51
1325,1195,15471,NA,11,52
1312,1186,15240,NA,11,53
1116,1036,13095,NA,11,54
1218,1089,16028,NA,11,55
952,831,12698,NA,11,56
1210,1040,14080,NA,11,57
1192,1013,11771,NA,11,58
1270,1032,8478,NA,11,59
1556,1311,17696,NA,11,60
1173,946,8046,NA,11,61
813,691,6303,NA,12,13
185,133,1097,NA,12,14
86,78,302,NA,12,15
385,315,1954,NA,12,16
883,672,5984,NA,12,17
790,622,6524,NA,12,18
371,320,2210,NA,12,19
951,715,6543,NA,12,20
312,269,2094,NA,12,21
362,274,2480,NA,12,22
1047,801,7091,NA,12,23
653,472,3929,NA,12,24
686,556,5625,NA,12,25
689,558,5341,NA,12,26
766,584,4194,NA,12,27
724,588,5438,NA,12,28
974,716,6759,NA,12,29
554,393,3814,NA,12,30
736,584,6053,NA,12,31
849,660,6752,NA,12,32
682,510,4283,NA,12,33
965,759,7238,NA,12,34
554,419,3521,NA,12,35
1012,792,7510,NA,12,36
1043,882,9848,NA,12,37
850,673,6827,NA,12,38
818,585,4791,NA,12,39
596,566,4450,NA,12,40
782,570,4677,NA,12,41
680,527,4285,NA,12,42
1308,1040,9287,NA,12,43
1288,991,8682,NA,12,44
760,588,4946,NA,12,45
761,625,7074,NA,12,46
1019,735,6271,NA,12,47
1284,944,8870,NA,12,48
936,826,6713,NA,12,49
1432,1258,16633,NA,12,50
1290,1100,15631,NA,12,51
1298,1156,15704,NA,12,52
1285,1144,15473,NA,12,53
1100,912,12365,NA,12,54
1191,1044,16262,NA,12,55
925,780,12932,NA,12,56
1183,989,14313,NA,12,57
1165,960,12005,NA,12,58
1254,1012,8804,NA,12,59
1529,1247,17930,NA,12,60
1157,924,8372,NA,12,61
892,636,6420,NA,13,14
961,746,6879,NA,13,15
1085,849,7244,NA,13,16
308,272,1549,NA,13,17
368,318,2025,NA,13,18
1110,846,7538,NA,13,19
363,306,2430,NA,13,20
1137,883,8908,NA,13,21
1214,930,8986,NA,13,22
450,380,3247,NA,13,23
1360,993,9251,NA,13,24
652,549,5739,NA,13,25
761,639,6074,NA,13,26
1473,1103,9516,NA,13,27
781,650,6163,NA,13,28
539,452,3765,NA,13,29
1261,895,9136,NA,13,30
764,616,4431,NA,13,31
779,617,4879,NA,13,32
1389,1008,9605,NA,13,33
690,576,4595,NA,13,34
1070,915,13346,NA,13,35
703,563,4634,NA,13,36
1199,1041,14162,NA,13,37
847,669,5359,NA,13,38
1525,1077,10113,NA,13,39
795,713,8373,NA,13,40
1489,1068,10000,NA,13,41
1103,928,13864,NA,13,42
522,449,3777,NA,13,43
716,547,4687,NA,13,44
863,765,11856,NA,13,45
682,606,9312,NA,13,46
1636,1252,13800,NA,13,47
703,602,6266,NA,13,48
884,774,10366,NA,13,49
1222,1106,15813,NA,13,50
1080,947,14811,NA,13,51
1088,1011,14884,NA,13,52
1075,1001,14653,NA,13,53
879,840,12509,NA,13,54
981,875,15442,NA,13,55
714,638,12112,NA,13,56
973,843,13493,NA,13,57
955,818,11185,NA,13,58
1003,883,11417,NA,13,59
1319,1108,17110,NA,13,60
1027,882,11713,NA,13,61
274,220,1425,NA,14,15
200,180,856,NA,14,16
754,577,6399,NA,14,17
866,666,5983,NA,14,18
332,329,1548,NA,14,19
854,640,7148,NA,14,20
501,404,3217,NA,14,21
525,438,2836,NA,14,22
949,704,7801,NA,14,23
468,338,2831,NA,14,24
875,686,6748,NA,14,25
924,731,6687,NA,14,26
581,448,3096,NA,14,27
913,721,6561,NA,14,28
1028,764,7364,NA,14,29
369,261,2717,NA,14,30
925,717,7176,NA,14,31
933,739,9079,NA,14,32
497,376,3185,NA,14,33
955,763,10018,NA,14,34
717,582,3877,NA,14,35
992,794,10223,NA,14,36
825,797,8962,NA,14,37
1039,805,7950,NA,14,38
633,449,3693,NA,14,39
785,694,5573,NA,14,40
597,438,3580,NA,14,41
702,541,3857,NA,14,42
1223,995,9964,NA,14,43
1206,892,9405,NA,14,44
949,721,6069,NA,14,45
950,772,8197,NA,14,46
834,583,5173,NA,14,47
1255,932,9668,NA,14,48
1124,955,7836,NA,14,49
1486,1291,17238,NA,14,50
1344,1118,16237,NA,14,51
1352,1181,16310,NA,14,52
1339,1188,16079,NA,14,53
1143,1018,13934,NA,14,54
1245,1049,16867,NA,14,55
979,818,13538,NA,14,56
1238,1032,14919,NA,14,57
1219,1005,12610,NA,14,58
1267,1055,12842,NA,14,59
1583,1303,18536,NA,14,60
1346,1061,9495,NA,14,61
470,391,2256,NA,15,16
920,728,7163,NA,15,17
815,645,6498,NA,15,18
396,343,2184,NA,15,19
989,776,7722,NA,15,20
337,294,2068,NA,15,21
386,294,2454,NA,15,22
1084,837,8375,NA,15,23
737,552,4231,NA,15,24
711,578,5599,NA,15,25
713,579,5315,NA,15,26
851,661,4496,NA,15,27
749,613,5411,NA,15,28
1019,784,7938,NA,15,29
639,474,4116,NA,15,30
761,607,6026,NA,15,31
874,677,6726,NA,15,32
767,587,4585,NA,15,33
989,783,7212,NA,15,34
578,439,3495,NA,15,35
1036,814,7484,NA,15,36
1128,959,10151,NA,15,37
875,696,6801,NA,15,38
902,661,5093,NA,15,39
621,584,4424,NA,15,40
867,651,4980,NA,15,41
705,547,4259,NA,15,42
1353,1100,10466,NA,15,43
1372,1064,8985,NA,15,44
784,612,4920,NA,15,45
772,689,6413,NA,15,46
1104,797,6573,NA,15,47
1172,973,12815,NA,15,48
960,843,6687,NA,15,49
1534,1249,16867,NA,15,50
1314,1148,15592,NA,15,51
1383,1208,16007,NA,15,52
1309,1206,15434,NA,15,53
1157,1018,12281,NA,15,54
1215,1068,16222,NA,15,55
992,813,11885,NA,15,56
1208,1059,14274,NA,15,57
1232,1010,10958,NA,15,58
1279,1035,8778,NA,15,59
1553,1322,17891,NA,15,60
1182,952,8346,NA,15,61
991,789,7422,NA,16,17
1102,877,7006,NA,16,18
237,234,806,NA,16,19
1090,858,8171,NA,16,20
442,435,2052,NA,16,21
441,468,2224,NA,16,22
1185,921,8825,NA,16,23
526,429,2595,NA,16,24
1067,887,7299,NA,16,25
1069,887,7015,NA,16,26
639,553,2860,NA,16,27
1105,920,7112,NA,16,28
1264,975,8387,NA,16,29
427,353,2480,NA,16,30
1117,916,7727,NA,16,31
1230,987,8427,NA,16,32
555,468,2949,NA,16,33
1191,972,11041,NA,16,34
633,611,3265,NA,16,35
1229,1002,11247,NA,16,36
1042,955,9967,NA,16,37
1230,1005,8501,NA,16,38
691,535,3457,NA,16,39
803,765,4726,NA,16,40
655,524,3344,NA,16,41
696,577,3062,NA,16,42
1459,1201,10987,NA,16,43
1442,1102,10428,NA,16,44
864,745,4623,NA,16,45
1039,934,5850,NA,16,46
893,669,4937,NA,16,47
1491,1137,10692,NA,16,48
1143,1042,6350,NA,16,49
1722,1479,18262,NA,16,50
1584,1418,12395,NA,16,51
1589,1378,17333,NA,16,52
1575,1373,17102,NA,16,53
1380,1229,14957,NA,16,54
1482,1244,17891,NA,16,55
1215,1030,14561,NA,16,56
1474,1248,15942,NA,16,57
1455,1226,13634,NA,16,58
1503,1266,13866,NA,16,59
1819,1505,19559,NA,16,60
1538,1260,10046,NA,16,61
125,102,658,NA,17,18
1036,770,7509,NA,17,19
97,65,740,NA,17,20
1063,802,8878,NA,17,21
1140,851,8957,NA,17,22
192,129,1394,NA,17,23
1285,921,9221,NA,17,24
578,471,5710,NA,17,25
687,560,6045,NA,17,26
1399,1028,9487,NA,17,27
706,571,6134,NA,17,28
284,204,1911,NA,17,29
1187,900,9107,NA,17,30
572,466,3939,NA,17,31
536,402,3511,NA,17,32
1315,1012,9575,NA,17,33
436,330,2741,NA,17,34
996,836,13317,NA,17,35
435,313,2775,NA,17,36
1131,968,15695,NA,17,37
604,457,3991,NA,17,38
1450,1089,10084,NA,17,39
720,632,8344,NA,17,40
1415,1018,9970,NA,17,41
1029,853,13835,NA,17,42
459,372,3589,NA,17,43
449,305,2997,NA,17,44
789,684,11826,NA,17,45
607,518,9282,NA,17,46
1534,1129,12176,NA,17,47
498,336,3261,NA,17,48
810,693,10337,NA,17,49
1148,1026,15784,NA,17,50
1006,863,14782,NA,17,51
1014,925,14855,NA,17,52
1001,935,14624,NA,17,53
805,758,12479,NA,17,54
907,793,15412,NA,17,55
640,558,12083,NA,17,56
899,762,13464,NA,17,57
880,749,11156,NA,17,58
929,800,11387,NA,17,59
1244,1031,17081,NA,17,60
953,804,11684,NA,17,61
1078,829,7995,NA,18,19
173,133,1217,NA,18,20
1027,787,7879,NA,18,21
1068,785,8265,NA,18,22
268,197,1870,NA,18,23
1368,1013,8807,NA,18,24
598,456,4210,NA,18,25
691,565,4466,NA,18,26
1481,1122,9072,NA,18,27
723,570,4577,NA,18,28
203,134,1433,NA,18,29
1269,924,8693,NA,18,30
445,362,3275,NA,18,31
410,299,2846,NA,18,32
1398,1028,9161,NA,18,33
355,259,2263,NA,18,34
995,813,11672,NA,18,35
323,271,2087,NA,18,36
1240,1056,16206,NA,18,37
478,354,3327,NA,18,38
1533,1113,9669,NA,18,39
720,607,6699,NA,18,40
1498,1102,9556,NA,18,41
1028,823,12189,NA,18,42
537,446,3960,NA,18,43
517,404,3356,NA,18,44
788,661,10181,NA,18,45
606,493,7637,NA,18,46
1640,1224,12843,NA,18,47
513,357,3544,NA,18,48
809,668,8691,NA,18,49
1161,1028,14110,NA,18,50
1019,863,13108,NA,18,51
1028,930,13181,NA,18,52
1014,928,12950,NA,18,53
829,687,9842,NA,18,54
921,788,13739,NA,18,55
654,551,10409,NA,18,56
913,762,11790,NA,18,57
894,737,9482,NA,18,58
942,790,9714,NA,18,59
1258,1021,15407,NA,18,60
967,798,10010,NA,18,61
1139,878,8272,NA,19,20
250,236,1295,NA,19,21
258,210,1479,NA,19,22
1234,938,8925,NA,19,23
614,525,3119,NA,19,24
880,717,7103,NA,19,25
882,720,6819,NA,19,26
727,634,3384,NA,19,27
918,750,6915,NA,19,28
1188,924,9442,NA,19,29
516,385,2724,NA,19,30
930,748,7530,NA,19,31
1042,818,8230,NA,19,32
579,448,2857,NA,19,33
1158,923,8716,NA,19,34
441,411,2508,NA,19,35
1128,904,11222,NA,19,36
1130,1049,10491,NA,19,37
1043,835,8305,NA,19,38
779,638,3981,NA,19,39
610,565,3970,NA,19,40
743,618,3868,NA,19,41
510,394,2574,NA,19,42
1508,1221,11087,NA,19,43
1491,1121,10528,NA,19,44
680,542,4240,NA,19,45
876,695,5677,NA,19,46
980,772,5461,NA,19,47
1329,1058,13767,NA,19,48
950,843,5593,NA,19,49
1637,1331,13152,NA,19,50
1392,1233,11638,NA,19,51
1424,1267,11717,NA,19,52
1453,1201,11971,NA,19,53
1281,1064,13278,NA,19,54
1372,1158,17175,NA,19,55
1106,931,13846,NA,19,56
1365,1155,15227,NA,19,57
1346,1118,12918,NA,19,58
1436,1135,9731,NA,19,59
1710,1415,18844,NA,19,60
1339,1050,9299,NA,19,61
1232,957,9060,NA,20,21
1273,948,9447,NA,20,22
95,63,653,NA,20,23
1513,1198,10622,NA,20,24
803,625,5391,NA,20,25
896,740,5647,NA,20,26
1626,1310,10887,NA,20,27
928,739,5758,NA,20,28
188,139,1171,NA,20,29
1414,1112,10508,NA,20,30
650,536,4456,NA,20,31
480,482,2359,NA,20,32
1542,1218,10976,NA,20,33
339,267,2001,NA,20,34
1200,979,12853,NA,20,35
338,250,2034,NA,20,36
1358,1166,17096,NA,20,37
682,527,4508,NA,20,38
1678,1262,11484,NA,20,39
924,776,7880,NA,20,40
1688,1261,10696,NA,20,41
1232,1009,13371,NA,20,42
362,306,2849,NA,20,43
352,237,2257,NA,20,44
993,847,11362,NA,20,45
811,663,8818,NA,20,46
1762,1312,13577,NA,20,47
401,270,2520,NA,20,48
1014,838,9872,NA,20,49
1375,1210,17184,NA,20,50
1233,1074,16183,NA,20,51
1241,1108,16256,NA,20,52
1228,1118,16025,NA,20,53
1043,884,12916,NA,20,54
1134,973,16813,NA,20,55
867,747,13483,NA,20,56
1126,962,14865,NA,20,57
1108,940,12556,NA,20,58
1156,992,12788,NA,20,59
1472,1232,18481,NA,20,60
1180,996,13084,NA,20,61
240,199,1283,NA,21,22
1225,952,9431,NA,21,23
816,619,4206,NA,21,24
814,624,5679,NA,21,25
747,576,5336,NA,21,26
929,729,4471,NA,21,27
800,630,5423,NA,21,28
1047,814,10663,NA,21,29
673,518,3817,NA,21,30
864,657,6107,NA,21,31
977,727,6807,NA,21,32
721,541,3917,NA,21,33
947,745,10022,NA,21,34
323,256,1464,NA,21,35
984,775,10228,NA,21,36
1318,1121,12164,NA,21,37
978,744,6881,NA,21,38
1022,754,5068,NA,21,39
418,384,2855,NA,21,40
895,697,4834,NA,21,41
549,439,3087,NA,21,42
1381,1111,12725,NA,21,43
1243,987,13075,NA,21,44
514,392,2958,NA,21,45
654,555,3979,NA,21,46
1182,868,6548,NA,21,47
1186,930,12774,NA,21,48
762,649,4477,NA,21,49
1479,1181,12244,NA,21,50
1230,1083,10747,NA,21,51
1262,1114,10826,NA,21,52
1296,1047,11063,NA,21,53
1147,941,12374,NA,21,54
1229,1031,16181,NA,21,55
962,808,12852,NA,21,56
1221,1023,14233,NA,21,57
1203,1000,11925,NA,21,58
1210,1026,7618,NA,21,59
1567,1289,17850,NA,21,60
1113,943,7186,NA,21,61
1252,945,10148,NA,22,23
586,425,2971,NA,22,24
879,683,7371,NA,22,25
882,683,7087,NA,22,26
700,536,3236,NA,22,27
917,716,7184,NA,22,28
1188,892,9710,NA,22,29
428,286,2502,NA,22,30
929,716,7799,NA,22,31
1042,783,8499,NA,22,32
490,353,2635,NA,22,33
1037,805,13179,NA,22,34
192,143,1041,NA,22,35
1074,835,13384,NA,22,36
1256,1103,11855,NA,22,37
1043,804,8573,NA,22,38
792,561,3833,NA,22,39
645,470,4700,NA,22,40
628,515,3293,NA,22,41
318,248,1805,NA,22,42
1521,1198,12238,NA,22,43
1271,971,14979,NA,22,44
431,332,2773,NA,22,45
650,473,4448,NA,22,46
953,672,5313,NA,22,47
1276,982,15930,NA,22,48
892,662,5729,NA,22,49
1396,1118,12058,NA,22,50
1194,935,10822,NA,22,51
1226,989,10901,NA,22,52
1213,957,10878,NA,22,53
1366,1053,11983,NA,22,54
1434,1123,13031,NA,22,55
1052,858,16009,NA,22,56
1311,1088,17390,NA,22,57
1419,1078,9978,NA,22,58
1329,1002,9515,NA,22,59
1657,1345,21007,NA,22,60
1239,919,9083,NA,22,61
1576,1202,10945,NA,23,24
865,696,6175,NA,23,25
808,718,8299,NA,23,26
1690,1305,11210,NA,23,27
862,761,8386,NA,23,28
153,131,708,NA,23,29
1478,1115,10830,NA,23,30
734,594,5320,NA,23,31
506,416,2859,NA,23,32
1606,1210,11299,NA,23,33
252,213,1346,NA,23,34
1124,972,13473,NA,23,35
251,196,1379,NA,23,36
1422,1205,17419,NA,23,37
634,550,4482,NA,23,38
1741,1293,11807,NA,23,39
849,753,8500,NA,23,40
1706,1279,11694,NA,23,41
1157,992,13991,NA,23,42
326,263,2205,NA,23,43
257,174,1604,NA,23,44
917,823,11982,NA,23,45
736,640,9438,NA,23,46
1825,1353,13900,NA,23,47
306,209,1867,NA,23,48
938,817,10493,NA,23,49
1291,1201,15912,NA,23,50
1149,1011,14910,NA,23,51
1157,1083,14983,NA,23,52
1143,1096,14752,NA,23,53
948,894,12607,NA,23,54
1050,940,15540,NA,23,55
783,716,12211,NA,23,56
1042,930,13592,NA,23,57
1023,898,11283,NA,23,58
1072,943,11515,NA,23,59
1387,1188,17209,NA,23,60
1096,954,11811,NA,23,61
1275,943,9415,NA,24,25
1361,979,9481,NA,24,26
153,149,360,NA,24,27
1313,975,9227,NA,24,28
1429,1001,10031,NA,24,29
188,154,848,NA,24,30
1325,973,9842,NA,24,31
1334,1025,11745,NA,24,32
330,275,1356,NA,24,33
1355,1050,12685,NA,24,34
642,488,3300,NA,24,35
1393,1077,12890,NA,24,36
1083,948,11359,NA,24,37
1439,1062,10616,NA,24,38
378,320,1252,NA,24,39
1114,801,7123,NA,24,40
401,348,1741,NA,24,41
620,503,2894,NA,24,42
1624,1254,12630,NA,24,43
1606,1151,12071,NA,24,44
864,678,4895,NA,24,45
1119,802,6872,NA,24,46
484,360,2870,NA,24,47
1655,1191,12335,NA,24,48
1361,992,8153,NA,24,49
1830,1457,14181,NA,24,50
1627,1276,12944,NA,24,51
1660,1328,13024,NA,24,52
1646,1296,13001,NA,24,53
1546,1235,17372,NA,24,54
1646,1349,19534,NA,24,55
1379,1127,16204,NA,24,56
1638,1344,17585,NA,24,57
1619,1317,15277,NA,24,58
1757,1308,11653,NA,24,59
1983,1607,21202,NA,24,60
1668,1223,11221,NA,24,61
259,240,648,NA,25,26
1543,1214,9850,NA,25,27
312,293,735,NA,25,28
854,658,5743,NA,25,29
1331,1014,9470,NA,25,30
164,151,756,NA,25,31
557,462,3539,NA,25,32
1466,1082,10012,NA,25,33
695,559,4915,NA,25,34
1102,803,7038,NA,25,35
733,590,5120,NA,25,36
1231,1094,17419,NA,25,37
470,431,2771,NA,25,38
1594,1201,10447,NA,25,39
593,514,3989,NA,25,40
1315,1100,10556,NA,25,41
1005,837,9068,NA,25,42
1188,968,8270,NA,25,43
992,810,7967,NA,25,44
766,668,7060,NA,25,45
584,498,4516,NA,25,46
1688,1297,14288,NA,25,47
934,741,7666,NA,25,48
730,607,4847,NA,25,49
976,854,10647,NA,25,50
810,718,9532,NA,25,51
819,806,9605,NA,25,52
805,806,9374,NA,25,53
610,610,7229,NA,25,54
712,664,10163,NA,25,55
445,428,6833,NA,25,56
704,628,8214,NA,25,57
685,606,5906,NA,25,58
733,648,6138,NA,25,59
1049,910,11831,NA,25,60
758,660,6434,NA,25,61
1488,1234,11719,NA,26,27
53,53,87,NA,26,28
787,658,8076,NA,26,29
1344,1044,9511,NA,26,30
348,323,1527,NA,26,31
736,610,4441,NA,26,32
1480,1119,10053,NA,26,33
687,591,7435,NA,26,34
1120,841,7079,NA,26,35
724,621,7641,NA,26,36
1339,1216,17790,NA,26,37
654,602,3543,NA,26,38
1492,1245,12030,NA,26,39
573,515,3458,NA,26,40
1277,1068,10460,NA,26,41
968,811,8972,NA,26,42
1120,958,10138,NA,26,43
983,828,10488,NA,26,44
729,643,6963,NA,26,45
547,470,4419,NA,26,46
1640,1336,12744,NA,26,47
926,770,10186,NA,26,48
678,609,4444,NA,26,49
1055,926,10935,NA,26,50
889,792,9820,NA,26,51
898,886,9893,NA,26,52
884,878,9662,NA,26,53
689,679,7518,NA,26,54
791,733,10451,NA,26,55
524,504,7121,NA,26,56
783,705,8502,NA,26,57
764,681,6194,NA,26,58
813,723,6426,NA,26,59
1128,989,12119,NA,26,60
856,725,5322,NA,26,61
1328,976,9320,NA,27,28
1443,1000,10123,NA,27,29
203,161,940,NA,27,30
1340,985,9935,NA,27,31
1348,1018,11838,NA,27,32
345,283,1448,NA,27,33
1370,1060,12777,NA,27,34
656,493,3393,NA,27,35
1407,1092,12982,NA,27,36
1121,982,11567,NA,27,37
1453,1069,10709,NA,27,38
416,346,1460,NA,27,39
1128,799,7216,NA,27,40
415,361,1833,NA,27,41
634,501,2986,NA,27,42
1638,1250,12723,NA,27,43
1621,1148,12164,NA,27,44
879,684,4988,NA,27,45
1134,799,6964,NA,27,46
522,382,3078,NA,27,47
1669,1192,12427,NA,27,48
1375,991,8245,NA,27,49
1844,1453,14273,NA,27,50
1642,1274,13037,NA,27,51
1674,1322,13116,NA,27,52
1661,1294,13093,NA,27,53
1558,1296,16693,NA,27,54
1660,1349,19626,NA,27,55
1393,1126,16297,NA,27,56
1652,1337,17678,NA,27,57
1634,1307,15369,NA,27,58
1772,1298,11746,NA,27,59
1998,1609,21294,NA,27,60
1682,1216,11314,NA,27,61
734,610,7989,NA,28,29
1291,988,9424,NA,28,30
295,263,1440,NA,28,31
683,556,4354,NA,28,32
1427,1059,9966,NA,28,33
634,539,7348,NA,28,34
1067,788,6992,NA,28,35
671,569,7553,NA,28,36
1286,1165,17702,NA,28,37
601,542,3456,NA,28,38
1439,1182,11943,NA,28,39
520,461,3370,NA,28,40
1224,1010,10373,NA,28,41
915,752,8885,NA,28,42
1067,904,10051,NA,28,43
930,778,10401,NA,28,44
676,587,6876,NA,28,45
494,416,4332,NA,28,46
1587,1281,12656,NA,28,47
872,719,10099,NA,28,48
625,556,4357,NA,28,49
1002,886,10848,NA,28,50
836,748,9733,NA,28,51
845,864,9806,NA,28,52
856,764,9789,NA,28,53
636,638,7430,NA,28,54
738,702,10364,NA,28,55
471,464,7034,NA,28,56
730,657,8415,NA,28,57
711,625,6107,NA,28,58
759,665,6339,NA,28,59
1075,956,12032,NA,28,60
803,671,5235,NA,28,61
1462,1049,10091,NA,29,30
691,494,4987,NA,29,31
403,347,2055,NA,29,32
1590,1152,10560,NA,29,33
150,130,823,NA,29,34
1023,875,12950,NA,29,35
149,111,856,NA,29,36
1575,1250,13863,NA,29,37
532,463,3959,NA,29,38
1726,1238,11068,NA,29,39
747,662,7977,NA,29,40
1364,1148,14955,NA,29,41
1055,895,13467,NA,29,42
397,338,2519,NA,29,43
312,269,1916,NA,29,44
816,722,11459,NA,29,45
634,553,8915,NA,29,46
1827,1322,14084,NA,29,47
308,218,2104,NA,29,48
836,728,9969,NA,29,49
1213,1080,15501,NA,29,50
1047,938,14386,NA,29,51
1055,1050,14459,NA,29,52
1066,954,14443,NA,29,53
846,817,12084,NA,29,54
948,887,15017,NA,29,55
681,650,11687,NA,29,56
940,854,13068,NA,29,57
921,808,10760,NA,29,58
970,850,10992,NA,29,59
1285,1142,16685,NA,29,60
994,858,11288,NA,29,61
1411,1039,9819,NA,30,31
1211,901,12390,NA,30,32
128,114,468,NA,30,33
1233,926,13330,NA,30,34
453,316,2452,NA,30,35
1270,954,13535,NA,30,36
1208,1003,11577,NA,30,37
1267,951,12647,NA,30,38
437,341,2440,NA,30,39
906,637,6111,NA,30,40
228,181,863,NA,30,41
434,307,2053,NA,30,42
1624,1257,12681,NA,30,43
1606,1158,12122,NA,30,44
676,511,4047,NA,30,45
912,636,5859,NA,30,46
583,456,3215,NA,30,47
1655,1201,12385,NA,30,48
1154,828,7141,NA,30,49
1641,1247,13333,NA,30,50
1439,1104,12096,NA,30,51
1471,1130,12176,NA,30,52
1458,1122,12153,NA,30,53
1424,1146,15591,NA,30,54
1679,1287,14306,NA,30,55
1248,1022,16159,NA,30,56
1507,1232,17540,NA,30,57
1625,1214,11577,NA,30,58
1574,1175,10789,NA,30,59
1998,1567,15706,NA,30,60
1484,1095,10358,NA,30,61
393,304,2784,NA,31,32
1465,1072,10427,NA,31,33
531,403,4159,NA,31,34
1101,789,7452,NA,31,35
568,434,4364,NA,31,36
1229,1083,17834,NA,31,37
295,245,2007,NA,31,38
1467,1211,14738,NA,31,39
539,461,4371,NA,31,40
1252,1052,13168,NA,31,41
943,791,11680,NA,31,42
1024,815,7515,NA,31,43
827,655,7212,NA,31,44
704,619,9671,NA,31,45
522,447,7127,NA,31,46
1687,1274,14702,NA,31,47
770,587,6910,NA,31,48
676,548,5229,NA,31,49
963,835,11190,NA,31,50
797,695,10076,NA,31,51
805,834,10149,NA,31,52
816,715,10132,NA,31,53
596,590,7773,NA,31,54
698,658,10706,NA,31,55
431,424,7377,NA,31,56
690,618,8758,NA,31,57
672,569,6449,NA,31,58
720,616,6681,NA,31,59
1036,914,12375,NA,31,60
744,622,6977,NA,31,61
1313,1054,13324,NA,32,33
327,271,1584,NA,32,34
892,729,11030,NA,32,35
372,287,2055,NA,32,36
1212,1069,19010,NA,32,37
235,214,1290,NA,32,38
1448,1168,14606,NA,32,39
616,519,6057,NA,32,40
1233,1015,13036,NA,32,41
924,748,11548,NA,32,42
714,566,4352,NA,32,43
606,475,3567,NA,32,44
685,578,9539,NA,32,45
503,408,6995,NA,32,46
1596,1293,15320,NA,32,47
579,442,3693,NA,32,48
705,587,8050,NA,32,49
1082,942,13581,NA,32,50
916,804,12467,NA,32,51
924,929,12540,NA,32,52
935,822,12523,NA,32,53
715,689,10164,NA,32,54
817,752,13097,NA,32,55
550,527,9768,NA,32,56
809,721,11149,NA,32,57
790,671,8841,NA,32,58
839,714,9072,NA,32,59
1154,1018,14766,NA,32,60
863,724,9369,NA,32,61
1267,1013,13976,NA,33,34
548,402,2723,NA,33,35
1305,1039,14181,NA,33,36
1393,1150,12244,NA,33,37
1302,1035,13293,NA,33,38
456,363,2290,NA,33,39
957,733,7354,NA,33,40
224,187,720,NA,33,41
381,313,1616,NA,33,42
1808,1403,13348,NA,33,43
1564,1248,17028,NA,33,44
661,531,3570,NA,33,45
1025,772,6387,NA,33,46
603,476,3004,NA,33,47
1506,1195,16727,NA,33,48
1227,955,7441,NA,33,49
1627,1266,12855,NA,33,50
1424,1119,11618,NA,33,51
1457,1149,11698,NA,33,52
1444,1139,11675,NA,33,53
1596,1233,12780,NA,33,54
1664,1302,13828,NA,33,55
1283,1097,16805,NA,33,56
1688,1329,13304,NA,33,57
1649,1273,10775,NA,33,58
1560,1190,10312,NA,33,59
1983,1568,15228,NA,33,60
1470,1103,9880,NA,33,61
923,787,12309,NA,34,35
112,104,387,NA,34,36
1243,1120,20289,NA,34,37
433,377,3318,NA,34,38
1480,1226,15885,NA,34,39
647,574,7336,NA,34,40
1265,1067,14314,NA,34,41
955,807,12826,NA,34,42
509,447,2885,NA,34,43
431,370,2280,NA,34,44
716,632,10818,NA,34,45
534,462,8274,NA,34,46
1627,1342,16598,NA,34,47
403,330,2554,NA,34,48
737,641,9328,NA,34,49
1113,994,14860,NA,34,50
947,855,13745,NA,34,51
956,974,13818,NA,34,52
966,872,13802,NA,34,53
746,741,11443,NA,34,54
848,814,14376,NA,34,55
582,575,11046,NA,34,56
841,777,12427,NA,34,57
822,721,10119,NA,34,58
870,764,10351,NA,34,59
1186,1053,16044,NA,34,60
895,773,10647,NA,34,61
882,711,11155,NA,35,36
1500,1231,13523,NA,35,37
880,701,10267,NA,35,38
866,697,4814,NA,35,39
519,386,3731,NA,35,40
651,528,3244,NA,35,41
342,277,1756,NA,35,42
1279,1051,13653,NA,35,43
1145,891,14010,NA,35,44
335,271,1668,NA,35,45
524,382,3479,NA,35,46
1023,769,5668,NA,35,47
1084,853,13701,NA,35,48
766,577,4761,NA,35,49
1301,1011,10954,NA,35,50
1098,859,9717,NA,35,51
1131,885,9797,NA,35,52
1118,878,9773,NA,35,53
1036,898,13211,NA,35,54
1338,1054,11927,NA,35,55
860,772,13779,NA,35,56
1119,967,15160,NA,35,57
1237,959,9197,NA,35,58
1234,936,8410,NA,35,59
1657,1310,13326,NA,35,60
1144,850,7978,NA,35,61
1274,1148,20494,NA,36,37
464,395,3523,NA,36,38
1510,1245,16090,NA,36,39
678,602,7541,NA,36,40
1296,1077,14520,NA,36,41
986,821,13032,NA,36,42
424,383,2491,NA,36,43
342,301,1884,NA,36,44
747,648,11023,NA,36,45
565,482,8479,NA,36,46
1658,1391,16804,NA,36,47
338,250,2072,NA,36,48
768,661,9534,NA,36,49
1144,1009,15065,NA,36,50
978,868,13951,NA,36,51
986,988,14024,NA,36,52
997,889,14007,NA,36,53
777,755,11648,NA,36,54
879,829,14581,NA,36,55
613,588,11252,NA,36,56
872,787,12633,NA,36,57
853,743,10324,NA,36,58
901,793,10556,NA,36,59
1217,1075,16250,NA,36,60
925,799,10852,NA,36,61
1387,1218,19611,NA,37,38
1339,1091,12459,NA,37,39
1501,1298,13541,NA,37,40
1422,1197,12549,NA,37,41
1527,1277,12826,NA,37,42
1596,1357,15946,NA,37,43
1725,1386,14986,NA,37,44
1525,1360,23556,NA,37,45
1343,1200,21012,NA,37,46
1351,1079,12632,NA,37,47
1774,1417,15250,NA,37,48
1545,1372,22066,NA,37,49
1883,1732,27514,NA,37,50
1741,1562,26512,NA,37,51
1750,1627,26585,NA,37,52
1736,1629,26354,NA,37,53
1540,1452,24209,NA,37,54
1642,1518,27142,NA,37,55
1376,1289,23813,NA,37,56
1635,1497,25194,NA,37,57
1616,1459,22885,NA,37,58
1664,1503,23117,NA,37,59
1980,1743,28811,NA,37,60
1689,1505,23413,NA,37,61
1552,1283,15233,NA,38,39
720,629,6684,NA,38,40
1337,1114,13663,NA,38,41
1028,861,12175,NA,38,42
853,682,5259,NA,38,43
745,592,4474,NA,38,44
788,689,10167,NA,38,45
606,519,7623,NA,38,46
1699,1384,15947,NA,38,47
694,549,4629,NA,38,48
809,696,8677,NA,38,49
1185,1046,14209,NA,38,50
1019,901,13094,NA,38,51
1028,1011,13167,NA,38,52
1039,922,13150,NA,38,53
819,793,10792,NA,38,54
921,873,13725,NA,38,55
654,634,10395,NA,38,56
913,832,11776,NA,38,57
894,782,9468,NA,38,58
942,831,9700,NA,38,59
1258,1119,15393,NA,38,60
967,840,9996,NA,38,61
1243,888,7700,NA,39,40
444,372,2157,NA,39,41
663,522,3310,NA,39,42
1788,1362,13523,NA,39,43
1771,1264,12964,NA,39,44
944,733,5263,NA,39,45
1248,884,7449,NA,39,46
427,327,2197,NA,39,47
1819,1296,13227,NA,39,48
1490,1072,8730,NA,39,49
1909,1458,14549,NA,39,50
1706,1315,13312,NA,39,51
1739,1338,13392,NA,39,52
1726,1327,13369,NA,39,53
1711,1380,18264,NA,39,54
1946,1501,15522,NA,39,55
1535,1240,18832,NA,39,56
1794,1441,20213,NA,39,57
1775,1413,17905,NA,39,58
1842,1387,12005,NA,39,59
2265,1764,16922,NA,39,60
1752,1302,11574,NA,39,61
985,812,8234,NA,40,41
676,548,6746,NA,40,42
1063,918,11773,NA,40,43
926,770,12123,NA,40,44
436,370,4738,NA,40,45
254,200,2193,NA,40,46
1347,1078,10518,NA,40,47
868,712,11821,NA,40,48
358,286,1508,NA,40,49
1090,902,12608,NA,40,50
940,765,8525,NA,40,51
973,791,8605,NA,40,52
960,784,8582,NA,40,53
971,773,6479,NA,40,54
911,865,15229,NA,40,55
645,628,11900,NA,40,56
1110,869,6859,NA,40,57
860,692,5699,NA,40,58
792,633,4763,NA,40,59
1249,1113,16898,NA,40,60
695,548,4331,NA,40,61
323,245,1379,NA,41,42
1644,1314,16443,NA,41,43
1506,1176,16792,NA,41,44
604,455,3333,NA,41,45
967,698,6151,NA,41,46
492,378,2614,NA,41,47
1449,1118,16491,NA,41,48
1170,875,7205,NA,41,49
1569,1186,12619,NA,41,50
1367,1037,11382,NA,41,51
1399,1063,11462,NA,41,52
1386,1055,11438,NA,41,53
1539,1156,12543,NA,41,54
1607,1228,13592,NA,41,55
1225,1023,16569,NA,41,56
1630,1248,13067,NA,41,57
1592,1194,10538,NA,41,58
1502,1116,10075,NA,41,59
1926,1484,14991,NA,41,60
1412,1036,9643,NA,41,61
1355,1112,15127,NA,42,43
1218,966,15476,NA,42,44
315,248,2017,NA,42,45
678,493,4835,NA,42,46
742,591,3908,NA,42,47
1160,910,15175,NA,42,48
881,669,5889,NA,42,49
1281,983,11303,NA,42,50
1078,835,10066,NA,42,51
1111,861,10146,NA,42,52
1097,854,10123,NA,42,53
1250,956,11228,NA,42,54
1318,1023,12276,NA,42,55
937,815,15253,NA,42,56
1341,1041,11752,NA,42,57
1303,987,9223,NA,42,58
1213,904,8760,NA,42,59
1637,1286,13676,NA,42,60
1124,827,8328,NA,42,61
188,172,1023,NA,43,44
1163,994,13519,NA,43,45
981,830,10975,NA,43,46
1993,1542,17275,NA,43,47
251,213,1325,NA,43,48
1184,1005,12029,NA,43,49
1536,1406,17448,NA,43,50
1394,1222,16446,NA,43,51
1403,1300,16519,NA,43,52
1389,1305,16288,NA,43,53
1194,1111,14144,NA,43,54
1296,1176,17077,NA,43,55
1029,934,13747,NA,43,56
1288,1144,15128,NA,43,57
1269,1104,12820,NA,43,58
1318,1151,13052,NA,43,59
1633,1419,18745,NA,43,60
1342,1158,13348,NA,43,61
1029,843,13893,NA,44,45
847,678,11349,NA,44,46
1990,1429,15192,NA,44,47
84,67,302,NA,44,48
1049,852,12404,NA,44,49
1402,1248,17823,NA,44,50
1260,1062,16821,NA,44,51
1268,1149,16894,NA,44,52
1255,1151,16663,NA,44,53
1059,955,14518,NA,44,54
1161,1028,17451,NA,44,55
894,789,14122,NA,44,56
1153,990,15503,NA,44,57
1134,946,13194,NA,44,58
1183,996,13426,NA,44,59
1498,1269,19120,NA,44,60
1207,1006,13722,NA,44,61
502,377,3155,NA,45,46
1026,848,5888,NA,45,47
984,794,13495,NA,45,48
705,553,4209,NA,45,49
1104,867,9623,NA,45,50
902,718,8387,NA,45,51
934,746,8466,NA,45,52
921,738,8443,NA,45,53
1074,838,9548,NA,45,54
1142,915,10596,NA,45,55
760,700,13573,NA,45,56
1165,925,10072,NA,45,57
1127,872,7543,NA,45,58
1037,793,7080,NA,45,59
1461,1170,11996,NA,45,60
947,711,6648,NA,45,61
1469,1177,9281,NA,46,47
901,754,11718,NA,46,48
202,175,1054,NA,46,49
1073,881,9959,NA,46,50
870,727,8722,NA,46,51
903,753,8802,NA,46,52
890,747,8779,NA,46,53
808,660,6040,NA,46,54
938,841,10998,NA,46,55
671,590,7669,NA,46,56
947,760,6420,NA,46,57
697,580,5260,NA,46,58
630,520,4324,NA,46,59
1275,1074,12667,NA,46,60
533,436,3892,NA,46,61
2076,1479,14813,NA,47,48
1657,1221,9749,NA,47,49
2056,1539,15163,NA,47,50
1854,1383,13926,NA,47,51
1887,1410,14006,NA,47,52
1873,1403,13983,NA,47,53
1877,1550,19510,NA,47,54
2094,1583,16136,NA,47,55
1712,1375,19113,NA,47,56
1971,1592,20494,NA,47,57
2064,1527,13556,NA,47,58
1989,1464,12620,NA,47,59
2413,1837,17536,NA,47,60
1900,1375,12188,NA,47,61
957,838,12110,NA,48,49
1310,1236,17529,NA,48,50
1167,1050,16527,NA,48,51
1176,1110,16600,NA,48,52
1162,1111,16369,NA,48,53
967,936,14225,NA,48,54
1069,1019,17158,NA,48,55
802,769,13828,NA,48,56
1061,977,15209,NA,48,57
1042,930,12901,NA,48,58
1091,981,13133,NA,48,59
1406,1254,18826,NA,48,60
1115,989,13429,NA,48,61
964,774,9226,NA,49,50
761,622,7989,NA,49,51
794,650,8068,NA,49,52
781,641,8045,NA,49,53
716,576,5045,NA,49,54
863,737,9438,NA,49,55
596,497,6109,NA,49,56
854,676,5424,NA,49,57
604,495,4265,NA,49,58
537,437,3328,NA,49,59
1200,980,11107,NA,49,60
440,351,2896,NA,49,61
393,336,1907,NA,50,51
257,242,1335,NA,50,52
395,381,1617,NA,50,53
682,579,4879,NA,50,54
381,313,2259,NA,50,55
649,594,6280,NA,50,56
645,591,4442,NA,50,57
783,682,5999,NA,50,58
914,789,5990,NA,50,59
444,383,2539,NA,50,60
821,705,6484,NA,50,61
327,300,1024,NA,51,52
100,99,196,NA,51,53
526,478,3578,NA,51,54
457,407,2606,NA,51,55
479,435,5100,NA,51,56
473,419,3263,NA,51,57
708,591,4579,NA,51,58
742,623,4810,NA,51,59
749,645,4006,NA,51,60
748,636,5339,NA,51,61
277,244,737,NA,52,53
492,410,3579,NA,52,54
470,409,2892,NA,52,55
582,509,5671,NA,52,56
578,510,3834,NA,52,57
593,508,4698,NA,52,58
688,565,4869,NA,52,59
638,556,3647,NA,52,60
631,529,5183,NA,52,61
519,482,3417,NA,53,54
491,435,2613,NA,53,55
553,473,4640,NA,53,56
465,425,3102,NA,53,57
701,594,4418,NA,53,58
734,625,4649,NA,53,59
783,670,4013,NA,53,60
741,639,5178,NA,53,61
727,589,5577,NA,54,55
389,373,2483,NA,54,56
304,319,705,NA,54,57
313,286,1740,NA,54,58
408,351,1911,NA,54,59
1011,840,6855,NA,54,60
351,315,2225,NA,54,61
404,320,5872,NA,55,56
372,312,4270,NA,55,57
591,469,5700,NA,55,58
625,501,5932,NA,55,59
331,259,1809,NA,55,60
631,514,6461,NA,55,61
267,246,2590,NA,56,57
486,410,4020,NA,56,58
520,441,4252,NA,56,59
674,539,5441,NA,56,60
526,455,4781,NA,56,61
426,364,1777,NA,57,58
459,397,2009,NA,57,59
986,855,6832,NA,57,60
466,410,2538,NA,57,61
297,299,1219,NA,58,59
1023,876,8096,NA,58,60
269,247,1578,NA,58,61
1093,921,8072,NA,59,60
212,199,655,NA,59,61
938,736,8204,NA,60,61
158,133,618,NA,2,1
254,210,1233,NA,3,1
250,213,1297,NA,3,2
176,150,707,NA,4,1
233,185,1270,NA,4,2
279,222,1745,NA,4,3
475,382,2422,NA,5,1
397,357,2745,NA,5,2
211,204,1745,NA,5,3
347,268,1569,NA,5,4
460,357,2207,NA,6,1
517,388,2770,NA,6,2
384,332,4003,NA,6,3
331,251,1540,NA,6,4
381,300,2097,NA,6,5
429,355,2084,NA,7,1
422,338,2210,NA,7,2
203,169,953,NA,7,3
481,411,2595,NA,7,4
467,379,2397,NA,7,5
575,493,4503,NA,7,6
595,494,2813,NA,8,1
652,530,3375,NA,8,2
517,492,4500,NA,8,3
465,389,2145,NA,8,4
514,458,2594,NA,8,5
166,145,505,NA,8,6
746,640,4597,NA,8,7
639,515,2749,NA,9,1
696,546,3311,NA,9,2
469,430,4396,NA,9,3
510,410,2081,NA,9,4
465,394,2490,NA,9,5
179,158,542,NA,9,6
698,581,4494,NA,9,7
126,107,311,NA,9,8
720,575,6360,NA,10,1
642,566,6979,NA,10,2
456,411,5979,NA,10,3
591,470,5693,NA,10,4
502,424,4846,NA,10,5
580,501,4739,NA,10,6
680,523,4041,NA,10,7
744,647,4691,NA,10,8
618,540,4380,NA,10,9
398,331,2631,NA,11,1
450,370,3203,NA,11,2
486,388,3669,NA,11,3
425,331,3143,NA,11,4
503,376,3265,NA,11,5
618,482,4027,NA,11,6
611,491,4519,NA,11,7
613,554,3616,NA,11,8
736,623,4159,NA,11,9
927,762,9629,NA,11,10
382,333,2957,NA,12,1
434,372,3529,NA,12,2
470,390,3995,NA,12,3
409,333,3469,NA,12,4
476,344,3499,NA,12,5
591,452,4260,NA,12,6
595,493,4845,NA,12,7
586,524,3850,NA,12,8
709,593,4392,NA,12,9
923,741,8324,NA,12,10
109,81,529,NA,12,11
741,560,4804,NA,13,1
663,550,5423,NA,13,2
477,396,4424,NA,13,3
611,454,4137,NA,13,4
520,411,3185,NA,13,5
540,437,2813,NA,13,6
563,461,2875,NA,13,7
643,527,3710,NA,13,8
588,519,3221,NA,13,9
318,289,1561,NA,13,10
901,652,6522,NA,13,11
875,638,6577,NA,13,12
561,497,4083,NA,14,1
613,535,4655,NA,14,2
649,554,5122,NA,14,3
467,352,3548,NA,14,4
530,391,4104,NA,14,5
519,389,4044,NA,14,6
774,658,5971,NA,14,7
465,387,3828,NA,14,8
588,458,4370,NA,14,9
865,685,8030,NA,14,10
283,203,1664,NA,14,11
189,137,1123,NA,14,12
701,528,6187,NA,14,13
407,364,2931,NA,15,1
458,402,3503,NA,15,2
495,421,3969,NA,15,3
434,371,3443,NA,15,4
561,423,3801,NA,15,5
676,530,4563,NA,15,6
619,523,4818,NA,15,7
670,593,4152,NA,15,8
794,666,4695,NA,15,9
936,793,9928,NA,15,10
164,134,609,NA,15,11
85,76,302,NA,15,12
898,704,6605,NA,15,13
270,214,1400,NA,15,14
762,629,4631,NA,16,1
823,662,5235,NA,16,2
851,687,5669,NA,16,3
703,569,4571,NA,16,4
766,606,5127,NA,16,5
755,604,5067,NA,16,6
975,790,6519,NA,16,7
701,596,4852,NA,16,8
825,671,5394,NA,16,9
1101,896,9054,NA,16,10
519,422,2687,NA,16,11
425,352,2146,NA,16,12
937,741,7210,NA,16,13
236,215,1023,NA,16,14
511,433,2449,NA,16,15
667,494,4775,NA,17,1
589,467,5394,NA,17,2
402,323,4394,NA,17,3
537,389,4108,NA,17,4
446,344,3156,NA,17,5
466,365,2783,NA,17,6
413,308,2761,NA,17,7
569,451,3680,NA,17,8
514,440,3191,NA,17,9
530,415,2870,NA,17,10
827,582,6492,NA,17,11
801,570,6547,NA,17,12
293,222,1783,NA,17,13
818,556,6390,NA,17,14
887,652,6849,NA,17,15
1011,765,7215,NA,17,16
621,500,3762,NA,18,1
590,433,3894,NA,18,2
395,313,2631,NA,18,3
545,389,2899,NA,18,4
469,371,2380,NA,18,5
572,451,3450,NA,18,6
298,234,2032,NA,18,7
675,538,4347,NA,18,8
620,527,3858,NA,18,9
605,519,3494,NA,18,10
835,581,5284,NA,18,11
809,567,5339,NA,18,12
381,344,2049,NA,18,13
900,649,5976,NA,18,14
895,650,5641,NA,18,15
1100,830,6832,NA,18,16
105,91,658,NA,18,17
575,461,4434,NA,19,1
631,485,4478,NA,19,2
664,520,5473,NA,19,3
602,468,4947,NA,19,4
764,588,6147,NA,19,5
804,619,5167,NA,19,6
788,623,6322,NA,19,7
750,607,4952,NA,19,8
873,682,5494,NA,19,9
1105,889,11432,NA,19,10
416,315,2524,NA,19,11
336,257,2217,NA,19,12
986,756,7310,NA,19,13
324,298,1548,NA,19,14
367,295,2191,NA,19,15
271,271,1043,NA,19,16
1039,786,7522,NA,19,17
983,749,8002,NA,19,18
865,661,4707,NA,20,1
794,614,5075,NA,20,2
600,506,3813,NA,20,3
735,555,4040,NA,20,4
659,545,3520,NA,20,5
693,534,4184,NA,20,6
488,405,3173,NA,20,7
796,628,5081,NA,20,8
741,625,4592,NA,20,9
626,537,4155,NA,20,10
1025,753,6424,NA,20,11
999,736,6479,NA,20,12
502,427,3093,NA,20,13
1045,738,7791,NA,20,14
1085,817,6781,NA,20,15
1238,941,8615,NA,20,16
226,177,1392,NA,20,17
203,182,1174,NA,20,18
1263,929,8910,NA,20,19
547,442,3987,NA,21,1
488,377,3484,NA,21,2
636,499,5025,NA,21,3
574,450,4499,NA,21,4
736,573,5699,NA,21,5
924,744,6821,NA,21,6
760,601,5875,NA,21,7
871,742,6605,NA,21,8
994,810,7147,NA,21,9
1077,870,10985,NA,21,10
355,280,2330,NA,21,11
305,254,2094,NA,21,12
980,775,9474,NA,21,13
490,393,3191,NA,21,14
336,294,2068,NA,21,15
509,496,2294,NA,21,16
1061,817,8219,NA,21,17
955,727,7554,NA,21,18
272,255,1300,NA,21,19
1130,861,8778,NA,21,20
575,438,4703,NA,22,1
627,477,5275,NA,22,2
663,494,5741,NA,22,3
602,447,5215,NA,22,4
763,569,6416,NA,22,5
907,697,6616,NA,22,6
788,598,6591,NA,22,7
853,695,6400,NA,22,8
976,762,6942,NA,22,9
1105,864,11701,NA,22,10
415,292,2793,NA,22,11
336,234,2485,NA,22,12
1007,771,10191,NA,22,13
459,363,2898,NA,22,14
366,273,2459,NA,22,15
467,417,2460,NA,22,16
1089,815,8935,NA,22,17
983,726,8271,NA,22,18
230,176,1467,NA,22,19
1158,861,9494,NA,22,20
245,189,1283,NA,22,21
983,767,5917,NA,23,1
856,648,5859,NA,23,2
694,537,6118,NA,23,3
893,636,5013,NA,23,4
737,558,4879,NA,23,5
757,570,4507,NA,23,6
646,480,4146,NA,23,7
860,669,5404,NA,23,8
805,659,4915,NA,23,9
670,590,5235,NA,23,10
1183,833,7398,NA,23,11
1157,820,7453,NA,23,12
584,433,3506,NA,23,13
1109,764,8114,NA,23,14
1243,902,7755,NA,23,15
1302,979,8938,NA,23,16
290,211,1715,NA,23,17
362,260,2148,NA,23,18
1327,963,9232,NA,23,19
336,296,1443,NA,23,20
1192,900,11433,NA,23,21
1252,971,14661,NA,23,22
962,746,6750,NA,24,1
1013,780,7322,NA,24,2
1050,803,7788,NA,24,3
868,602,6215,NA,24,4
931,639,6770,NA,24,5
919,650,6710,NA,24,6
1174,905,8638,NA,24,7
866,647,6495,NA,24,8
989,715,7037,NA,24,9
1181,987,10873,NA,24,10
684,464,4331,NA,24,11
589,392,3790,NA,24,12
1101,789,8853,NA,24,13
400,254,2667,NA,24,14
675,472,4092,NA,24,15
447,316,2263,NA,24,16
1155,818,9065,NA,24,17
1267,904,8649,NA,24,18
578,438,2954,NA,24,19
1254,883,9815,NA,24,20
745,595,4057,NA,24,21
517,418,2823,NA,24,22
1349,946,10468,NA,24,23
529,441,2814,NA,25,1
372,306,2195,NA,25,2
306,262,1612,NA,25,3
589,490,3383,NA,25,4
556,448,3187,NA,25,5
620,522,4895,NA,25,6
449,380,2426,NA,25,7
722,619,5792,NA,25,8
668,613,5303,NA,25,9
762,643,7736,NA,25,10
803,642,5308,NA,25,11
902,688,6035,NA,25,12
665,548,6226,NA,25,13
962,757,6753,NA,25,14
933,726,6009,NA,25,15
1163,926,7566,NA,25,16
757,623,4932,NA,25,17
651,541,4268,NA,25,18
986,791,7107,NA,25,19
826,667,5491,NA,25,20
846,634,5679,NA,25,21
977,736,7377,NA,25,22
921,728,6144,NA,25,23
1429,1114,9584,NA,25,24
542,461,2915,NA,26,1
389,340,2236,NA,26,2
457,404,2276,NA,26,3
602,518,3424,NA,26,4
570,475,3228,NA,26,5
728,648,5266,NA,26,6
604,514,3403,NA,26,7
831,744,6163,NA,26,8
776,733,5673,NA,26,9
871,768,8107,NA,26,10
817,669,5349,NA,26,11
884,701,6157,NA,26,12
773,674,6597,NA,26,13
975,787,6794,NA,26,14
950,760,6050,NA,26,15
1176,957,7608,NA,26,16
827,701,6809,NA,26,17
799,644,5083,NA,26,18
999,821,7148,NA,26,19
974,778,6306,NA,26,20
864,670,5721,NA,26,21
990,767,7418,NA,26,22
916,755,8629,NA,26,23
1442,1144,9626,NA,26,24
348,318,984,NA,26,25
976,758,6842,NA,27,1
1028,793,7414,NA,27,2
1064,816,7880,NA,27,3
882,614,6307,NA,27,4
945,650,6863,NA,27,5
934,661,6803,NA,27,6
1189,920,8730,NA,27,7
880,653,6587,NA,27,8
1003,724,7129,NA,27,9
1280,950,10789,NA,27,10
698,475,4423,NA,27,11
604,402,3882,NA,27,12
1116,803,8946,NA,27,13
415,264,2759,NA,27,14
689,480,4184,NA,27,15
461,328,2355,NA,27,16
1169,827,9158,NA,27,17
1281,910,8742,NA,27,18
593,447,3047,NA,27,19
1268,891,9907,NA,27,20
760,604,4150,NA,27,21
532,429,2915,NA,27,22
1363,954,10560,NA,27,23
14,7,92,NA,27,24
1280,989,9511,NA,27,25
1283,982,9227,NA,27,26
489,410,2828,NA,28,1
336,296,2149,NA,28,2
404,350,2189,NA,28,3
549,468,3337,NA,28,4
517,425,3141,NA,28,5
675,595,5179,NA,28,6
551,464,3316,NA,28,7
778,692,6075,NA,28,8
723,674,5586,NA,28,9
818,712,8020,NA,28,10
763,618,5262,NA,28,11
831,651,6070,NA,28,12
720,623,6510,NA,28,13
922,733,6707,NA,28,14
897,718,5963,NA,28,15
1123,905,7520,NA,28,16
774,648,6722,NA,28,17
746,590,4995,NA,28,18
946,769,7061,NA,28,19
921,720,6219,NA,28,20
810,626,5633,NA,28,21
937,713,7331,NA,28,22
863,703,8541,NA,28,23
1389,1090,9538,NA,28,24
294,265,897,NA,28,25
169,162,464,NA,28,26
1503,1200,9804,NA,28,27
828,642,5202,NA,29,1
797,566,5334,NA,29,2
603,458,4071,NA,29,3
738,516,4298,NA,29,4
661,504,3778,NA,29,5
759,573,4691,NA,29,6
490,361,3431,NA,29,7
861,666,5588,NA,29,8
807,650,5099,NA,29,9
786,663,5019,NA,29,10
1028,711,6682,NA,29,11
1002,696,6738,NA,29,12
586,437,3690,NA,29,13
1093,780,7375,NA,29,14
1088,772,7040,NA,29,15
1293,960,8231,NA,29,16
291,190,1899,NA,29,17
206,138,1433,NA,29,18
1285,1003,9435,NA,29,19
246,217,1351,NA,29,20
1090,836,10909,NA,29,21
1321,937,9511,NA,29,22
127,90,545,NA,29,23
1561,1134,10206,NA,29,24
805,592,5650,NA,29,25
707,606,7776,NA,29,26
1674,1241,10471,NA,29,27
760,660,7863,NA,29,28
975,743,7237,NA,30,1
1034,752,7196,NA,30,2
1063,799,8275,NA,30,3
868,629,6265,NA,30,4
931,662,6821,NA,30,5
919,678,6761,NA,30,6
1188,899,9125,NA,30,7
866,669,6545,NA,30,8
989,743,7087,NA,30,9
1307,1025,11090,NA,30,10
684,492,4381,NA,30,11
589,419,3840,NA,30,12
1101,819,8903,NA,30,13
400,281,2717,NA,30,14
675,499,4142,NA,30,15
447,346,2313,NA,30,16
1155,847,9115,NA,30,17
1267,922,8700,NA,30,18
533,428,2774,NA,30,19
1254,909,9865,NA,30,20
645,497,3817,NA,30,21
417,318,2582,NA,30,22
1349,970,10518,NA,30,23
281,225,1413,NA,30,24
1279,977,9905,NA,30,25
1130,839,9102,NA,30,26
267,218,1321,NA,30,27
1183,894,9190,NA,30,28
1429,1015,10081,NA,30,29
528,433,3228,NA,31,1
370,291,2610,NA,31,2
310,238,2027,NA,31,3
588,470,3798,NA,31,4
555,427,3601,NA,31,5
618,512,5310,NA,31,6
284,227,1670,NA,31,7
721,597,6207,NA,31,8
666,597,5717,NA,31,9
761,622,8151,NA,31,10
802,623,5723,NA,31,11
900,675,6450,NA,31,12
679,523,4268,NA,31,13
960,736,7168,NA,31,14
931,714,6424,NA,31,15
1161,909,7981,NA,31,16
582,443,4020,NA,31,17
476,357,3355,NA,31,18
984,772,7521,NA,31,19
651,488,4579,NA,31,20
844,622,6094,NA,31,21
975,714,7791,NA,31,22
746,548,5232,NA,31,23
1428,1093,9999,NA,31,24
151,136,756,NA,31,25
246,208,1191,NA,31,26
1463,1199,14427,NA,31,27
299,261,1279,NA,31,28
690,505,4987,NA,31,29
1329,997,9885,NA,31,30
684,532,3945,NA,32,1
526,394,3327,NA,32,2
466,338,2744,NA,32,3
608,459,5714,NA,32,4
527,436,5057,NA,32,5
601,498,6486,NA,32,6
412,309,2132,NA,32,7
704,586,7383,NA,32,8
649,585,6894,NA,32,9
743,608,9327,NA,32,10
958,720,6440,NA,32,11
873,641,8154,NA,32,12
646,515,7817,NA,32,13
953,690,10093,NA,32,14
958,719,8456,NA,32,15
1146,898,10917,NA,32,16
521,434,3087,NA,32,17
447,325,2851,NA,32,18
1140,871,8238,NA,32,19
500,434,3087,NA,32,20
1000,724,6811,NA,32,21
1020,766,12218,NA,32,22
466,362,2353,NA,32,23
1420,1051,12924,NA,32,24
534,408,3643,NA,32,25
624,487,3913,NA,32,26
1444,1163,14295,NA,32,27
660,520,4010,NA,32,28
399,315,2024,NA,32,29
1271,951,13440,NA,32,30
404,301,2788,NA,32,31
1064,809,7454,NA,33,1
1123,820,7414,NA,33,2
1152,865,8493,NA,33,3
1052,796,6932,NA,33,4
1115,825,7488,NA,33,5
1104,840,7428,NA,33,6
1276,969,9342,NA,33,7
1050,835,7212,NA,33,8
1173,904,7755,NA,33,9
1491,1191,11757,NA,33,10
868,660,5048,NA,33,11
774,586,4507,NA,33,12
1286,985,9571,NA,33,13
585,449,3384,NA,33,14
859,666,4809,NA,33,15
631,518,2980,NA,33,16
1339,1010,9783,NA,33,17
1347,1025,13305,NA,33,18
621,493,2992,NA,33,19
1438,1078,10532,NA,33,20
734,562,4035,NA,33,21
506,382,2800,NA,33,22
1533,1139,11185,NA,33,23
332,268,1644,NA,33,24
1317,1024,10293,NA,33,25
1165,900,9749,NA,33,26
317,260,1552,NA,33,27
1218,940,9836,NA,33,28
1367,1054,14617,NA,33,29
184,147,667,NA,33,30
1318,1018,10837,NA,33,31
1246,945,13037,NA,33,32
823,634,4561,NA,34,1
655,525,4694,NA,34,2
597,452,3430,NA,34,3
640,535,6993,NA,34,4
558,506,6335,NA,34,5
632,569,7765,NA,34,6
510,398,2669,NA,34,7
735,657,8662,NA,34,8
681,654,8172,NA,34,9
775,677,10606,NA,34,10
930,728,9377,NA,34,11
904,715,9432,NA,34,12
763,591,4520,NA,34,13
984,758,11371,NA,34,14
990,797,9735,NA,34,15
1177,965,12196,NA,34,16
469,341,2729,NA,34,17
384,287,2263,NA,34,18
1180,940,11268,NA,34,19
423,365,2181,NA,34,20
991,766,10268,NA,34,21
1051,836,13497,NA,34,22
305,238,1375,NA,34,23
1452,1120,14202,NA,34,24
663,548,5010,NA,34,25
607,537,7135,NA,34,26
1475,1229,15574,NA,34,27
660,590,7222,NA,34,28
175,146,823,NA,34,29
1302,1022,14719,NA,34,30
533,439,4156,NA,34,31
304,246,1694,NA,34,32
1344,1129,14602,NA,34,33
730,559,5345,NA,35,1
670,477,4843,NA,35,2
818,616,6383,NA,35,3
757,560,5857,NA,35,4
918,686,7058,NA,35,5
1105,845,7657,NA,35,6
943,718,7233,NA,35,7
1051,831,7441,NA,35,8
1174,907,7983,NA,35,9
1070,865,13771,NA,35,10
537,397,3688,NA,35,11
488,366,3452,NA,35,12
972,782,12261,NA,35,13
656,511,3939,NA,35,14
519,404,3426,NA,35,15
640,563,3365,NA,35,16
1031,808,10943,NA,35,17
925,700,10279,NA,35,18
403,316,2372,NA,35,19
1099,852,11502,NA,35,20
281,220,1464,NA,35,21
198,153,1041,NA,35,22
1092,825,11967,NA,35,23
722,544,3866,NA,35,24
996,735,7038,NA,35,25
743,588,6722,NA,35,26
707,535,3773,NA,35,27
796,640,6809,NA,35,28
945,742,11591,NA,35,29
440,328,2452,NA,35,30
1047,761,7465,NA,35,31
823,638,10010,NA,35,32
502,391,2586,NA,35,33
845,668,10950,NA,35,34
854,640,4766,NA,36,1
686,548,4900,NA,36,2
628,466,3635,NA,36,3
671,571,7198,NA,36,4
589,539,6540,NA,36,5
663,608,7970,NA,36,6
541,412,2874,NA,36,7
766,674,8867,NA,36,8
712,647,8378,NA,36,9
806,704,10811,NA,36,10
961,766,9583,NA,36,11
935,747,9638,NA,36,12
752,611,4553,NA,36,13
1015,807,11577,NA,36,14
1021,829,9940,NA,36,15
1208,992,12401,NA,36,16
457,383,2761,NA,36,17
385,279,2293,NA,36,18
1211,959,11473,NA,36,19
425,431,2213,NA,36,20
1022,787,10474,NA,36,21
1082,859,13702,NA,36,22
303,228,1406,NA,36,23
1483,1164,14408,NA,36,24
694,571,5216,NA,36,25
638,556,7340,NA,36,26
1506,1236,15779,NA,36,27
691,608,7427,NA,36,28
181,142,856,NA,36,29
1333,1048,14924,NA,36,30
563,461,4361,NA,36,31
335,262,1900,NA,36,32
1375,1128,14807,NA,36,33
82,70,387,NA,36,34
954,789,12514,NA,36,35
1179,1024,10896,NA,37,1
1231,1056,11468,NA,37,2
1138,1023,16124,NA,37,3
1109,942,10360,NA,37,4
1172,975,10916,NA,37,5
926,822,8672,NA,37,6
1392,1185,12783,NA,37,7
884,797,8490,NA,37,8
1018,921,8801,NA,37,9
1074,945,10652,NA,37,10
1078,913,9799,NA,37,11
1008,899,10022,NA,37,12
1220,1038,11768,NA,37,13
849,778,9261,NA,37,14
1094,981,10324,NA,37,15
1019,913,9801,NA,37,16
1274,1069,11980,NA,37,17
1402,1167,12647,NA,37,18
1151,1031,10492,NA,37,19
1373,1130,12730,NA,37,20
1336,1124,12176,NA,37,21
1273,1103,11886,NA,37,22
1468,1190,13383,NA,37,23
1116,967,11425,NA,37,24
1314,1184,17440,NA,37,25
1486,1259,13280,NA,37,26
1230,1077,11690,NA,37,27
1522,1291,13376,NA,37,28
1484,1250,17651,NA,37,29
1194,1031,11686,NA,37,30
1380,1233,18181,NA,37,31
1330,1187,19354,NA,37,32
1322,1130,12154,NA,37,33
1352,1218,20293,NA,37,34
1465,1241,12927,NA,37,35
1389,1246,20498,NA,37,36
764,612,4388,NA,38,1
606,473,3770,NA,38,2
546,423,3187,NA,38,3
712,574,6342,NA,38,4
630,544,5684,NA,38,5
705,596,7113,NA,38,6
526,412,2830,NA,38,7
807,683,8010,NA,38,8
753,658,7521,NA,38,9
847,707,9954,NA,38,10
1038,801,6883,NA,38,11
976,755,8781,NA,38,12
750,620,8444,NA,38,13
1056,814,10720,NA,38,14
1167,901,7584,NA,38,15
1249,997,11545,NA,38,16
710,560,4372,NA,38,17
604,449,3708,NA,38,18
1220,951,8681,NA,38,19
735,600,4301,NA,38,20
1081,810,7254,NA,38,21
1211,892,8952,NA,38,22
728,554,3814,NA,38,23
1524,1169,13551,NA,38,24
537,442,3258,NA,38,25
631,511,3694,NA,38,26
1547,1265,14923,NA,38,27
684,563,3782,NA,38,28
598,461,3261,NA,38,29
1375,1058,14068,NA,38,30
388,318,2357,NA,38,31
235,234,974,NA,38,32
1417,1152,13951,NA,38,33
498,389,2620,NA,38,34
995,800,11658,NA,38,35
536,418,2825,NA,38,36
1316,1164,19637,NA,38,37
1162,808,7774,NA,39,1
1218,843,8337,NA,39,2
1224,870,8677,NA,39,3
1032,707,7107,NA,39,4
1095,736,7663,NA,39,5
1084,753,7603,NA,39,6
1348,972,9527,NA,39,7
1030,743,7388,NA,39,8
1153,824,7930,NA,39,9
1388,1104,11900,NA,39,10
848,568,5223,NA,39,11
754,495,4682,NA,39,12
1266,903,9746,NA,39,13
565,358,3559,NA,39,14
839,574,4984,NA,39,15
611,431,3155,NA,39,16
1319,932,9958,NA,39,17
1431,985,9542,NA,39,18
742,543,3847,NA,39,19
1418,997,10707,NA,39,20
910,707,4950,NA,39,21
682,529,3715,NA,39,22
1513,1061,11360,NA,39,23
164,104,892,NA,39,24
1440,1043,10307,NA,39,25
1488,1048,10246,NA,39,26
150,96,800,NA,39,27
1468,1139,10123,NA,39,28
1593,1083,10923,NA,39,29
311,231,1715,NA,39,30
1490,1066,10735,NA,39,31
1498,1058,12638,NA,39,32
418,317,2159,NA,39,33
1520,1090,13577,NA,39,34
765,560,4167,NA,39,35
1557,1121,13782,NA,39,36
1289,1083,12387,NA,39,37
1554,1108,12895,NA,39,38
586,513,3651,NA,40,1
505,422,3372,NA,40,2
713,576,5289,NA,40,3
658,553,4302,NA,40,4
637,560,7621,NA,40,5
711,609,9051,NA,40,6
678,561,7681,NA,40,7
814,700,9948,NA,40,8
759,681,9458,NA,40,9
854,719,11892,NA,40,10
567,485,4187,NA,40,11
577,495,4442,NA,40,12
756,630,10382,NA,40,13
749,632,5556,NA,40,14
607,534,4416,NA,40,15
871,855,4969,NA,40,16
815,667,9064,NA,40,17
709,555,8399,NA,40,18
635,617,3975,NA,40,19
861,724,9537,NA,40,20
420,421,2855,NA,40,21
681,500,4700,NA,40,22
859,690,10264,NA,40,23
1204,898,7524,NA,40,24
582,491,3989,NA,40,25
485,402,3571,NA,40,26
1190,891,7432,NA,40,27
494,415,3438,NA,40,28
729,596,9711,NA,40,29
923,670,6111,NA,40,30
543,450,4371,NA,40,31
607,491,8131,NA,40,32
985,731,6244,NA,40,33
629,525,9070,NA,40,34
554,417,3731,NA,40,35
667,552,9276,NA,40,36
1322,1176,21575,NA,40,37
664,541,8388,NA,40,38
1200,958,9804,NA,40,39
1101,814,7746,NA,41,1
1160,820,7706,NA,41,2
1189,874,8785,NA,41,3
1077,811,7041,NA,41,4
1140,840,7597,NA,41,5
1129,856,7537,NA,41,6
1314,976,9634,NA,41,7
1075,841,7321,NA,41,8
1198,921,7863,NA,41,9
1435,1101,16561,NA,41,10
893,673,5157,NA,41,11
799,600,4616,NA,41,12
1311,1001,9679,NA,41,13
610,464,3493,NA,41,14
922,650,5473,NA,41,15
659,488,3248,NA,41,16
1364,1026,9892,NA,41,17
1289,939,13069,NA,41,18
658,499,3284,NA,41,19
1464,1091,10641,NA,41,20
771,566,4327,NA,41,21
555,373,3013,NA,41,22
1440,1072,14933,NA,41,23
377,326,1753,NA,41,24
1260,946,10057,NA,41,25
1107,819,9512,NA,41,26
363,320,1661,NA,41,27
1160,874,9599,NA,41,28
1310,973,14381,NA,41,29
210,168,776,NA,41,30
1260,930,10600,NA,41,31
1188,875,12800,NA,41,32
274,184,1027,NA,41,33
1210,904,13740,NA,41,34
584,453,2913,NA,41,35
1247,935,13945,NA,41,36
1418,1198,12353,NA,41,37
1244,920,13057,NA,41,38
344,276,1900,NA,41,39
900,639,7118,NA,41,40
841,621,6401,NA,42,1
879,623,6358,NA,42,2
930,680,7439,NA,42,3
868,623,6913,NA,42,4
1030,755,8113,NA,42,5
1003,804,12404,NA,42,6
1054,785,8289,NA,42,7
1113,854,7043,NA,42,8
1051,864,12812,NA,42,9
1146,912,15246,NA,42,10
682,475,4490,NA,42,11
602,418,4183,NA,42,12
1048,820,13736,NA,42,13
699,531,3386,NA,42,14
633,455,4157,NA,42,15
660,558,3134,NA,42,16
1107,862,12418,NA,42,17
1001,753,11753,NA,42,18
496,363,3164,NA,42,19
1153,916,12891,NA,42,20
490,367,2979,NA,42,21
266,187,1698,NA,42,22
1151,891,13617,NA,42,23
604,528,2976,NA,42,24
971,759,8741,NA,42,25
819,634,8197,NA,42,26
590,512,2884,NA,42,27
872,687,8284,NA,42,28
1021,795,13065,NA,42,29
417,303,2029,NA,42,30
972,747,9285,NA,42,31
899,689,11485,NA,42,32
459,384,1912,NA,42,33
921,725,12424,NA,42,34
295,264,1598,NA,42,35
959,753,12629,NA,42,36
1543,1248,12316,NA,42,37
956,741,11741,NA,42,38
595,493,3194,NA,42,39
611,455,5802,NA,42,40
380,339,1624,NA,42,41
1177,910,7730,NA,43,1
1075,846,9004,NA,43,2
889,702,8004,NA,43,3
1087,831,6826,NA,43,4
932,717,6765,NA,43,5
952,751,6393,NA,43,6
839,682,5959,NA,43,7
1055,834,7290,NA,43,8
1000,813,6801,NA,43,9
722,606,5560,NA,43,10
1376,1038,9210,NA,43,11
1351,1010,9266,NA,43,12
651,562,3969,NA,43,13
1304,974,10000,NA,43,14
1436,1091,9568,NA,43,15
1497,1152,10824,NA,43,16
485,389,3601,NA,43,17
555,459,3960,NA,43,18
1522,1140,11118,NA,43,19
444,378,3411,NA,43,20
1438,1093,12969,NA,43,21
1498,1175,16197,NA,43,22
326,265,2236,NA,43,23
1771,1326,12831,NA,43,24
1064,863,9320,NA,43,25
1054,862,9836,NA,43,26
1885,1458,13096,NA,43,27
1107,914,9923,NA,43,28
416,322,2519,NA,43,29
1673,1238,12717,NA,43,30
1001,807,7242,NA,43,31
720,579,4334,NA,43,32
1801,1337,13185,NA,43,33
498,395,2883,NA,43,34
1370,1099,15010,NA,43,35
441,372,2502,NA,43,36
1555,1340,17638,NA,43,37
880,717,6019,NA,43,38
1936,1417,13693,NA,43,39
1095,893,10037,NA,43,40
1712,1392,17015,NA,43,41
1403,1126,15527,NA,43,42
1145,794,7253,NA,44,1
968,704,7770,NA,44,2
858,606,7410,NA,44,3
993,679,7124,NA,44,4
901,621,6172,NA,44,5
922,669,5800,NA,44,6
827,597,5355,NA,44,7
1024,747,6697,NA,44,8
970,717,6207,NA,44,9
985,720,5887,NA,44,10
1282,885,9508,NA,44,11
1257,861,9563,NA,44,12
749,517,4799,NA,44,13
1273,885,9406,NA,44,14
1342,943,9866,NA,44,15
1466,1065,10231,NA,44,16
454,295,3007,NA,44,17
523,344,3483,NA,44,18
1492,1047,10525,NA,44,19
499,358,2868,NA,44,20
1303,963,13344,NA,44,21
1592,1093,11756,NA,44,22
364,272,1786,NA,44,23
1741,1236,12237,NA,44,24
976,737,8086,NA,44,25
920,732,10210,NA,44,26
1854,1365,12503,NA,44,27
973,785,10297,NA,44,28
334,235,1916,NA,44,29
1642,1149,12123,NA,44,30
845,629,7231,NA,44,31
630,465,3588,NA,44,32
1770,1246,12591,NA,44,33
416,309,2280,NA,44,34
1236,968,15384,NA,44,35
354,276,1896,NA,44,36
1587,1273,18712,NA,44,37
745,586,6393,NA,44,38
1906,1324,13100,NA,44,39
960,759,10411,NA,44,40
1577,1265,17390,NA,44,41
1268,999,15902,NA,44,42
202,176,1023,NA,44,43
787,646,7370,NA,45,1
705,551,7127,NA,45,2
848,684,9966,NA,45,3
860,684,8021,NA,45,4
753,652,9295,NA,45,5
827,713,10725,NA,45,6
794,654,9355,NA,45,7
930,790,11621,NA,45,8
875,764,11132,NA,45,9
969,810,13566,NA,45,10
772,560,5183,NA,45,11
723,528,4946,NA,45,12
872,721,12056,NA,45,13
908,685,5684,NA,45,14
753,567,4920,NA,45,15
875,724,4860,NA,45,16
930,752,10738,NA,45,17
824,647,10073,NA,45,18
638,485,3866,NA,45,19
977,819,11211,NA,45,20
516,385,2958,NA,45,21
449,332,2786,NA,45,22
975,780,11937,NA,45,23
888,748,4956,NA,45,24
794,649,7061,NA,45,25
642,524,6517,NA,45,26
874,740,4863,NA,45,27
695,580,6604,NA,45,28
845,688,11385,NA,45,29
701,522,4008,NA,45,30
795,638,7605,NA,45,31
723,583,9805,NA,45,32
743,615,3892,NA,45,33
745,618,10744,NA,45,34
321,252,1598,NA,45,35
782,647,10949,NA,45,36
1438,1268,23249,NA,45,37
779,636,10061,NA,45,38
878,713,5174,NA,45,39
435,347,4122,NA,45,40
663,552,3604,NA,45,41
354,286,2116,NA,45,42
1179,985,13447,NA,45,43
1041,854,13797,NA,45,44
783,608,5411,NA,46,1
716,535,5202,NA,46,2
819,654,6549,NA,46,3
855,647,6062,NA,46,4
920,719,7446,NA,46,5
745,675,8948,NA,46,6
711,627,7578,NA,46,7
847,764,9845,NA,46,8
793,736,9355,NA,46,9
887,782,11789,NA,46,10
852,682,6771,NA,46,11
794,711,5833,NA,46,12
790,693,10279,NA,46,13
966,852,6948,NA,46,14
892,732,7000,NA,46,15
1020,970,5948,NA,46,16
848,725,8961,NA,46,17
742,619,8296,NA,46,18
783,731,4955,NA,46,19
894,793,9434,NA,46,20
569,536,3835,NA,46,21
776,575,5228,NA,46,22
892,750,10161,NA,46,23
1300,976,8053,NA,46,24
688,572,5250,NA,46,25
572,471,4770,NA,46,26
1251,948,7820,NA,46,27
581,489,4637,NA,46,28
762,660,9608,NA,46,29
984,725,6499,NA,46,30
646,521,5525,NA,46,31
641,557,8028,NA,46,32
1081,807,6773,NA,46,33
662,588,8967,NA,46,34
649,492,4260,NA,46,35
700,619,9173,NA,46,36
1356,1241,21472,NA,46,37
697,607,8285,NA,46,38
1321,1052,8568,NA,46,39
238,215,1491,NA,46,40
1106,894,6997,NA,46,41
797,630,5509,NA,46,42
1096,959,11670,NA,46,43
959,828,12020,NA,46,44
557,459,3501,NA,46,45
1450,1043,9037,NA,47,1
1522,1088,10108,NA,47,2
1470,1147,10267,NA,47,3
1288,921,8693,NA,47,4
1351,947,9249,NA,47,5
1260,974,10068,NA,47,6
1595,1247,11116,NA,47,7
1218,946,9886,NA,47,8
1353,1069,10196,NA,47,9
1408,1096,12047,NA,47,10
1104,790,6809,NA,47,11
1010,714,6268,NA,47,12
1457,1128,11915,NA,47,13
821,578,5145,NA,47,14
1095,788,6570,NA,47,15
867,643,4741,NA,47,16
1575,1140,11544,NA,47,17
1687,1205,11128,NA,47,18
999,756,5433,NA,47,19
1609,1213,12877,NA,47,20
1161,879,6536,NA,47,21
933,699,5301,NA,47,22
1770,1257,12946,NA,47,23
453,351,2155,NA,47,24
1686,1324,11897,NA,47,25
1595,1190,12057,NA,47,26
438,345,2063,NA,47,27
1648,1244,12144,NA,47,28
1849,1299,12509,NA,47,29
610,461,3083,NA,47,30
1747,1303,13145,NA,47,31
1675,1248,15345,NA,47,32
680,520,3222,NA,47,33
1697,1280,16284,NA,47,34
1045,752,5724,NA,47,35
1734,1307,16489,NA,47,36
1310,1085,12534,NA,47,37
1732,1299,15601,NA,47,38
286,243,1255,NA,47,39
1387,1005,9662,NA,47,40
579,452,2691,NA,47,41
811,596,3924,NA,47,42
1930,1519,17341,NA,47,43
1962,1440,15134,NA,47,44
1091,797,5878,NA,47,45
1454,1038,8695,NA,47,46
1132,815,6917,NA,48,1
875,667,7476,NA,48,2
907,645,5786,NA,48,3
1067,721,6409,NA,48,4
922,626,6413,NA,48,5
942,659,6040,NA,48,6
819,580,5542,NA,48,7
1045,751,6937,NA,48,8
990,713,6448,NA,48,9
1006,721,6127,NA,48,10
1357,937,8794,NA,48,11
1331,897,8849,NA,48,12
769,519,5040,NA,48,13
1294,860,9647,NA,48,14
1417,980,9151,NA,48,15
1487,1067,10472,NA,48,16
475,299,3248,NA,48,17
535,357,3544,NA,48,18
1512,1047,10766,NA,48,19
519,364,3108,NA,48,20
1211,922,13050,NA,48,21
1271,1008,16278,NA,48,22
384,277,2027,NA,48,23
1761,1211,12478,NA,48,24
884,689,7792,NA,48,25
827,691,9917,NA,48,26
1875,1342,12744,NA,48,27
880,746,10004,NA,48,28
326,218,2104,NA,48,29
1663,1123,12364,NA,48,30
753,583,6938,NA,48,31
601,452,3711,NA,48,32
1791,1226,12832,NA,48,33
408,291,2467,NA,48,34
1143,928,15091,NA,48,35
359,253,2085,NA,48,36
1759,1355,15212,NA,48,37
653,541,6100,NA,48,38
1926,1309,13341,NA,48,39
868,714,10118,NA,48,40
1485,1215,17096,NA,48,41
1176,952,15608,NA,48,42
249,212,1325,NA,48,43
70,52,301,NA,48,44
936,791,13600,NA,48,45
754,632,11056,NA,48,46
2010,1424,15433,NA,48,47
786,659,5664,NA,49,1
704,566,5420,NA,49,2
876,630,7547,NA,49,3
858,698,6315,NA,49,4
751,651,7588,NA,49,5
826,717,9018,NA,49,6
792,664,7648,NA,49,7
928,807,9915,NA,49,8
874,769,9425,NA,49,9
968,826,11859,NA,49,10
923,778,5677,NA,49,11
933,790,5931,NA,49,12
871,735,10349,NA,49,13
1105,932,7045,NA,49,14
963,828,5905,NA,49,15
1175,1073,6298,NA,49,16
929,771,9031,NA,49,17
823,664,8366,NA,49,18
939,832,5305,NA,49,19
976,826,9504,NA,49,20
724,636,4185,NA,49,21
848,623,5093,NA,49,22
973,805,10231,NA,49,23
1412,1103,8419,NA,49,24
745,548,6247,NA,49,25
684,491,5991,NA,49,26
1398,1099,8327,NA,49,27
737,545,6079,NA,49,28
844,706,9678,NA,49,29
1090,798,6504,NA,49,30
746,536,6791,NA,49,31
722,602,8098,NA,49,32
1152,860,6637,NA,49,33
744,639,9037,NA,49,34
721,548,4124,NA,49,35
781,669,9242,NA,49,36
1437,1279,21542,NA,49,37
778,652,8355,NA,49,38
1402,1082,8638,NA,49,39
394,319,1666,NA,49,40
1187,923,7067,NA,49,41
878,651,5579,NA,49,42
1177,1006,11740,NA,49,43
1040,876,12090,NA,49,44
639,489,3571,NA,49,45
259,213,705,NA,49,46
1550,1203,9351,NA,49,47
983,820,11788,NA,49,48
1249,939,12650,NA,50,1
1096,829,11971,NA,50,2
1105,833,11841,NA,50,3
1175,895,13931,NA,50,4
1093,842,13273,NA,50,5
1167,909,14703,NA,50,6
1148,871,13298,NA,50,7
1270,994,15600,NA,50,8
1215,962,15110,NA,50,9
1310,1018,17544,NA,50,10
1464,1112,16315,NA,50,11
1439,1076,16371,NA,50,12
1212,925,16034,NA,50,13
1519,1124,18310,NA,50,14
1524,1155,16673,NA,50,15
1712,1319,19134,NA,50,16
1266,951,16246,NA,50,17
1179,874,14017,NA,50,18
1636,1245,13165,NA,50,19
1365,1011,16995,NA,50,20
1517,1117,12227,NA,50,21
1447,1099,12085,NA,50,22
1329,1010,15881,NA,50,23
1886,1486,14255,NA,50,24
975,754,10542,NA,50,25
914,699,10286,NA,50,26
1871,1476,14163,NA,50,27
967,753,10373,NA,50,28
1199,918,15329,NA,50,29
1699,1274,13308,NA,50,30
975,739,11086,NA,50,31
1077,811,13748,NA,50,32
1741,1354,13191,NA,50,33
1099,845,14688,NA,50,34
1319,1017,10898,NA,50,35
1137,874,14893,NA,50,36
1778,1469,27227,NA,50,37
1134,859,14005,NA,50,38
1876,1461,14473,NA,50,39
1135,938,9786,NA,50,40
1661,1306,12903,NA,50,41
1352,1045,11415,NA,50,42
1533,1209,17391,NA,50,43
1396,1071,17740,NA,50,44
1112,884,9407,NA,50,45
1036,864,9033,NA,50,46
2024,1583,15187,NA,50,47
1338,1023,17439,NA,50,48
985,821,9191,NA,50,49
1079,838,11470,NA,51,1
926,727,10792,NA,51,2
935,732,10662,NA,51,3
1005,794,12752,NA,51,4
923,739,12094,NA,51,5
997,817,13523,NA,51,6
978,768,12119,NA,51,7
1100,897,14420,NA,51,8
1045,846,13931,NA,51,9
1140,914,16364,NA,51,10
1294,1010,15136,NA,51,11
1269,975,15191,NA,51,12
1042,825,14854,NA,51,13
1349,1032,17130,NA,51,14
1354,1055,15493,NA,51,15
1542,1211,17955,NA,51,16
1096,850,15066,NA,51,17
1009,771,12837,NA,51,18
1523,1176,11833,NA,51,19
1195,910,15816,NA,51,20
1375,1019,14364,NA,51,21
1334,1026,10753,NA,51,22
1159,903,14702,NA,51,23
1773,1421,12923,NA,51,24
805,648,9363,NA,51,25
744,598,9107,NA,51,26
1758,1416,12831,NA,51,27
797,652,9194,NA,51,28
1029,813,14149,NA,51,29
1586,1207,11976,NA,51,30
805,636,9906,NA,51,31
907,705,12569,NA,51,32
1628,1286,11859,NA,51,33
929,739,13508,NA,51,34
1206,942,9565,NA,51,35
967,767,13714,NA,51,36
1608,1370,26047,NA,51,37
964,754,12826,NA,51,38
1763,1393,13141,NA,51,39
968,789,10285,NA,51,40
1548,1241,11571,NA,51,41
1239,974,10083,NA,51,42
1363,1104,16211,NA,51,43
1226,975,16561,NA,51,44
999,815,8075,NA,51,45
890,721,13350,NA,51,46
1911,1513,13855,NA,51,47
1168,920,16259,NA,51,48
808,675,8377,NA,51,49
393,335,1633,NA,51,50
1141,861,11623,NA,52,1
987,752,10944,NA,52,2
996,755,10815,NA,52,3
1066,821,12904,NA,52,4
984,767,12246,NA,52,5
1058,842,13676,NA,52,6
1039,791,12272,NA,52,7
1161,922,14573,NA,52,8
1106,900,14084,NA,52,9
1201,943,16517,NA,52,10
1355,1037,15289,NA,52,11
1330,998,15344,NA,52,12
1103,854,15007,NA,52,13
1410,1063,17283,NA,52,14
1416,1079,15646,NA,52,15
1603,1236,18107,NA,52,16
1157,876,15219,NA,52,17
1070,796,12990,NA,52,18
1446,1081,11865,NA,52,19
1256,940,15969,NA,52,20
1324,982,10957,NA,52,21
1257,937,10785,NA,52,22
1220,928,14854,NA,52,23
1696,1321,12954,NA,52,24
866,678,9515,NA,52,25
805,624,9259,NA,52,26
1681,1315,12862,NA,52,27
858,674,9347,NA,52,28
1090,838,14302,NA,52,29
1509,1112,12007,NA,52,30
866,660,10059,NA,52,31
969,729,12722,NA,52,32
1551,1189,11890,NA,52,33
990,764,13661,NA,52,34
1129,850,9597,NA,52,35
1028,792,13866,NA,52,36
1669,1394,26200,NA,52,37
1025,778,12978,NA,52,38
1686,1301,13173,NA,52,39
945,769,8485,NA,52,40
1471,1146,11603,NA,52,41
1162,878,10115,NA,52,42
1424,1126,16364,NA,52,43
1287,989,16713,NA,52,44
922,719,8106,NA,52,45
846,693,7733,NA,52,46
1834,1414,13886,NA,52,47
1229,940,16412,NA,52,48
795,652,7891,NA,52,49
282,248,1274,NA,52,50
257,238,681,NA,52,51
1114,870,11515,NA,53,1
961,757,10837,NA,53,2
970,761,10707,NA,53,3
1039,826,12797,NA,53,4
957,783,12139,NA,53,5
1031,840,13568,NA,53,6
1012,799,12164,NA,53,7
1134,928,14465,NA,53,8
1080,905,13976,NA,53,9
1174,951,16409,NA,53,10
1329,1043,15181,NA,53,11
1303,1006,15236,NA,53,12
1077,859,14899,NA,53,13
1383,1068,17175,NA,53,14
1389,1087,15538,NA,53,15
1576,1245,18000,NA,53,16
1130,880,15112,NA,53,17
1043,800,12882,NA,53,18
1571,1220,15748,NA,53,19
1230,945,15861,NA,53,20
1409,1051,14409,NA,53,21
1412,1090,10962,NA,53,22
1193,937,14747,NA,53,23
1851,1480,13132,NA,53,24
839,680,9408,NA,53,25
778,630,9152,NA,53,26
1836,1474,13040,NA,53,27
831,684,9239,NA,53,28
1064,842,14194,NA,53,29
1663,1270,12185,NA,53,30
840,667,9951,NA,53,31
942,731,12614,NA,53,32
1705,1354,12068,NA,53,33
963,771,13553,NA,53,34
1284,1014,9774,NA,53,35
1001,793,13759,NA,53,36
1642,1404,26092,NA,53,37
998,782,12871,NA,53,38
1841,1462,13350,NA,53,39
1002,813,10330,NA,53,40
1626,1305,11780,NA,53,41
1316,1038,10292,NA,53,42
1397,1129,16256,NA,53,43
1260,994,16606,NA,53,44
1077,882,8284,NA,53,45
925,746,13395,NA,53,46
1988,1583,14064,NA,53,47
1202,951,16304,NA,53,48
842,701,8422,NA,53,49
426,379,1640,NA,53,50
88,88,177,NA,53,51
361,341,1031,NA,53,52
884,644,8992,NA,54,1
730,535,8313,NA,54,2
739,536,8184,NA,54,3
809,569,10273,NA,54,4
727,554,9615,NA,54,5
801,615,11045,NA,54,6
782,572,9640,NA,54,7
904,703,11942,NA,54,8
849,687,11453,NA,54,9
944,726,13886,NA,54,10
1098,781,12658,NA,54,11
1073,749,12713,NA,54,12
846,636,12376,NA,54,13
1153,849,14652,NA,54,14
1159,830,13015,NA,54,15
1346,1022,15476,NA,54,16
900,656,12588,NA,54,17
813,572,10359,NA,54,18
1340,998,13225,NA,54,19
999,722,13337,NA,54,20
1179,828,11886,NA,54,21
1211,900,16094,NA,54,22
963,711,12223,NA,54,23
1621,1178,17483,NA,54,24
609,455,6884,NA,54,25
548,407,6628,NA,54,26
1635,1281,18171,NA,54,27
601,460,6716,NA,54,28
833,617,11671,NA,54,29
1463,1083,17316,NA,54,30
609,444,7428,NA,54,31
712,511,10091,NA,54,32
1504,1164,17200,NA,54,33
733,545,11030,NA,54,34
1083,824,14906,NA,54,35
771,575,11235,NA,54,36
1412,1176,23569,NA,54,37
768,561,10347,NA,54,38
1640,1278,18482,NA,54,39
772,596,7807,NA,54,40
1425,1119,16912,NA,54,41
1115,850,15424,NA,54,42
1167,915,13733,NA,54,43
1030,783,14082,NA,54,44
876,691,13415,NA,54,45
694,529,10871,NA,54,46
1870,1379,20438,NA,54,47
972,724,13781,NA,54,48
612,482,5898,NA,54,49
653,528,4482,NA,54,50
487,391,3368,NA,54,51
520,433,3447,NA,54,52
506,411,3424,NA,54,53
1004,747,12242,NA,55,1
851,636,11564,NA,55,2
860,639,11434,NA,55,3
930,675,13524,NA,55,4
848,658,12866,NA,55,5
922,728,14295,NA,55,6
903,677,12891,NA,55,7
1025,802,15192,NA,55,8
970,790,14703,NA,55,9
1065,829,17137,NA,55,10
1219,888,15908,NA,55,11
1194,855,15963,NA,55,12
967,744,15627,NA,55,13
1274,948,17902,NA,55,14
1279,936,16265,NA,55,15
1467,1125,18727,NA,55,16
1021,767,15839,NA,55,17
934,679,13609,NA,55,18
1461,1101,16475,NA,55,19
1120,827,16588,NA,55,20
1300,935,15136,NA,55,21
1332,1002,19344,NA,55,22
1084,814,15474,NA,55,23
1742,1279,20733,NA,55,24
730,559,10135,NA,55,25
669,510,9879,NA,55,26
1756,1387,21422,NA,55,27
722,564,9966,NA,55,28
954,722,14921,NA,55,29
1583,1187,20567,NA,55,30
730,548,10678,NA,55,31
832,617,13341,NA,55,32
1625,1266,20450,NA,55,33
854,651,14280,NA,55,34
1204,928,18157,NA,55,35
892,679,14486,NA,55,36
1533,1284,26819,NA,55,37
889,667,13598,NA,55,38
1761,1379,21733,NA,55,39
893,698,11057,NA,55,40
1546,1216,20162,NA,55,41
1236,949,18674,NA,55,42
1288,1012,16983,NA,55,43
1151,886,17333,NA,55,44
997,794,16666,NA,55,45
815,631,14122,NA,55,46
1908,1492,22446,NA,55,47
1093,829,17032,NA,55,48
733,576,9149,NA,55,49
441,339,2632,NA,55,50
507,424,2924,NA,55,51
382,306,2257,NA,55,52
448,365,2812,NA,55,53
445,365,4728,NA,55,54
899,676,10562,NA,56,1
746,566,9884,NA,56,2
755,567,9754,NA,56,3
824,601,11844,NA,56,4
742,585,11186,NA,56,5
817,654,12616,NA,56,6
798,604,11211,NA,56,7
919,729,13512,NA,56,8
865,717,13023,NA,56,9
959,758,15457,NA,56,10
1114,813,14228,NA,56,11
1088,780,14283,NA,56,12
862,672,13947,NA,56,13
1168,875,16222,NA,56,14
1174,863,14586,NA,56,15
1361,1051,17047,NA,56,16
916,692,14159,NA,56,17
828,607,11930,NA,56,18
1356,1031,14796,NA,56,19
1015,755,14908,NA,56,20
1194,864,13457,NA,56,21
1227,926,17665,NA,56,22
979,743,13794,NA,56,23
1636,1206,19053,NA,56,24
624,486,8455,NA,56,25
563,437,8199,NA,56,26
1651,1311,19742,NA,56,27
616,491,8286,NA,56,28
849,650,13242,NA,56,29
1478,1108,18887,NA,56,30
625,475,8999,NA,56,31
727,543,11661,NA,56,32
1520,1189,18770,NA,56,33
749,579,12600,NA,56,34
1099,857,16477,NA,56,35
786,608,12806,NA,56,36
1428,1212,25140,NA,56,37
783,593,11918,NA,56,38
1655,1306,20053,NA,56,39
788,624,9378,NA,56,40
1440,1142,18482,NA,56,41
1131,878,16994,NA,56,42
1183,942,15304,NA,56,43
1045,812,15653,NA,56,44
892,718,14986,NA,56,45
710,557,12442,NA,56,46
1803,1416,20766,NA,56,47
988,754,15352,NA,56,48
628,503,7469,NA,56,49
661,528,5089,NA,56,50
516,446,3861,NA,56,51
443,476,3215,NA,56,52
457,387,3749,NA,56,53
339,291,3048,NA,56,54
336,290,3772,NA,56,55
1020,800,9686,NA,57,1
867,687,9007,NA,57,2
876,686,8877,NA,57,3
946,726,10967,NA,57,4
864,706,10309,NA,57,5
938,776,11739,NA,57,6
919,729,10334,NA,57,7
1041,854,12636,NA,57,8
986,840,12146,NA,57,9
1081,873,14580,NA,57,10
1235,938,13351,NA,57,11
1210,907,13407,NA,57,12
983,794,13070,NA,57,13
1290,997,15346,NA,57,14
1296,988,13709,NA,57,15
1483,1175,16170,NA,57,16
1037,815,13282,NA,57,17
950,732,11053,NA,57,18
1477,1154,13919,NA,57,19
1136,878,14031,NA,57,20
1316,988,12580,NA,57,21
1348,1054,16788,NA,57,22
1100,861,12917,NA,57,23
1758,1330,18177,NA,57,24
746,607,7578,NA,57,25
685,560,7322,NA,57,26
1772,1439,18865,NA,57,27
738,613,7409,NA,57,28
970,769,12365,NA,57,29
1599,1231,18010,NA,57,30
746,595,8122,NA,57,31
848,669,10784,NA,57,32
1641,1316,17893,NA,57,33
870,698,11724,NA,57,34
1220,980,15600,NA,57,35
908,726,11929,NA,57,36
1549,1334,24263,NA,57,37
905,720,11041,NA,57,38
1777,1432,19176,NA,57,39
909,750,8501,NA,57,40
1562,1266,17606,NA,57,41
1252,1000,16118,NA,57,42
1304,1064,14427,NA,57,43
1167,930,14776,NA,57,44
1013,841,14109,NA,57,45
831,678,11565,NA,57,46
1924,1546,19890,NA,57,47
1109,880,14475,NA,57,48
785,642,5155,NA,57,49
739,630,4454,NA,57,50
595,549,3227,NA,57,51
674,592,3845,NA,57,52
536,490,3114,NA,57,53
287,260,669,NA,57,54
648,607,5164,NA,57,55
426,354,2296,NA,57,56
1032,816,8124,NA,58,1
879,701,7446,NA,58,2
888,705,7316,NA,58,3
957,742,9405,NA,58,4
876,722,8748,NA,58,5
950,793,10177,NA,58,6
931,745,8773,NA,58,7
1053,867,11074,NA,58,8
998,862,10585,NA,58,9
1092,890,13018,NA,58,10
1247,956,11790,NA,58,11
1222,922,11845,NA,58,12
995,811,11508,NA,58,13
1302,1021,13784,NA,58,14
1307,1004,12147,NA,58,15
1495,1190,14608,NA,58,16
1049,829,11720,NA,58,17
962,751,9491,NA,58,18
1450,1184,10411,NA,58,19
1148,893,12470,NA,58,20
1329,1000,9676,NA,58,21
1334,1006,10169,NA,58,22
1112,880,11355,NA,58,23
1769,1352,16615,NA,58,24
757,630,6016,NA,58,25
696,577,5761,NA,58,26
1833,1439,12522,NA,58,27
750,629,5848,NA,58,28
982,787,10803,NA,58,29
1660,1228,11667,NA,58,30
758,618,6560,NA,58,31
860,686,9223,NA,58,32
1639,1229,11714,NA,58,33
882,716,10162,NA,58,34
1207,929,9201,NA,58,35
919,745,10367,NA,58,36
1561,1351,22701,NA,58,37
916,737,9480,NA,58,38
1837,1432,12832,NA,58,39
840,679,5704,NA,58,40
1622,1267,11262,NA,58,41
1313,1000,9774,NA,58,42
1316,1081,12865,NA,58,43
1179,947,13215,NA,58,44
1074,841,7766,NA,58,45
776,633,4780,NA,58,46
1985,1543,13546,NA,58,47
1121,897,12913,NA,58,48
589,482,4194,NA,58,49
841,698,5804,NA,58,50
675,563,4689,NA,58,51
708,608,4769,NA,58,52
740,648,4424,NA,58,53
340,303,1872,NA,58,54
685,576,6428,NA,58,55
419,348,3098,NA,58,56
484,427,2228,NA,58,57
1088,864,6544,NA,59,1
900,686,7222,NA,59,2
909,696,7092,NA,59,3
978,727,9181,NA,59,4
896,707,8524,NA,59,5
971,767,9953,NA,59,6
952,730,8549,NA,59,7
1073,844,10850,NA,59,8
1019,839,10361,NA,59,9
1113,878,12794,NA,59,10
1269,1022,8569,NA,59,11
1242,907,11621,NA,59,12
1016,792,11284,NA,59,13
1322,1004,13560,NA,59,14
1310,1072,8797,NA,59,15
1515,1172,14384,NA,59,16
1070,811,11496,NA,59,17
982,731,9267,NA,59,18
1412,1145,9466,NA,59,19
1169,873,12246,NA,59,20
1291,961,8732,NA,59,21
1355,997,9500,NA,59,22
1133,863,11131,NA,59,23
1793,1386,11670,NA,59,24
778,612,5792,NA,59,25
717,555,5537,NA,59,26
1779,1378,11577,NA,59,27
816,666,5080,NA,59,28
1003,770,10579,NA,59,29
1606,1171,10722,NA,59,30
779,601,6336,NA,59,31
881,670,8999,NA,59,32
1585,1172,10770,NA,59,33
903,701,9938,NA,59,34
1227,921,8312,NA,59,35
940,726,10143,NA,59,36
1582,1332,22477,NA,59,37
937,719,9256,NA,59,38
1784,1369,11888,NA,59,39
802,642,4760,NA,59,40
1569,1207,10318,NA,59,41
1259,942,8830,NA,59,42
1337,1062,12641,NA,59,43
1199,928,12991,NA,59,44
1020,784,6821,NA,59,45
694,594,3836,NA,59,46
1931,1483,12602,NA,59,47
1142,880,12689,NA,59,48
564,457,3326,NA,59,49
1012,834,6020,NA,59,50
855,663,4977,NA,59,51
947,796,5411,NA,59,52
809,693,4680,NA,59,53
459,361,1755,NA,59,54
756,611,6403,NA,59,55
489,386,3074,NA,59,56
552,475,2484,NA,59,57
325,313,851,NA,59,58
1311,977,13985,NA,60,1
1158,863,13307,NA,60,2
1167,864,13177,NA,60,3
1237,903,15267,NA,60,4
1155,879,14609,NA,60,5
1229,947,16038,NA,60,6
1210,903,14634,NA,60,7
1332,1021,16935,NA,60,8
1277,1010,16446,NA,60,9
1372,1047,18879,NA,60,10
1526,1118,17651,NA,60,11
1501,1087,17706,NA,60,12
1274,969,17369,NA,60,13
1581,1179,19645,NA,60,14
1586,1167,18008,NA,60,15
1774,1352,20470,NA,60,16
1328,989,17582,NA,60,17
1241,905,15352,NA,60,18
1768,1336,18218,NA,60,19
1427,1050,18331,NA,60,20
1607,1152,16879,NA,60,21
1639,1222,21087,NA,60,22
1391,1040,17217,NA,60,23
2048,1512,22476,NA,60,24
1036,786,11878,NA,60,25
976,731,11622,NA,60,26
2063,1613,23165,NA,60,27
1029,783,11709,NA,60,28
1261,945,16664,NA,60,29
1890,1410,22310,NA,60,30
1037,774,12421,NA,60,31
1139,847,15084,NA,60,32
1932,1487,22193,NA,60,33
1161,876,16023,NA,60,34
1511,1150,19900,NA,60,35
1198,904,16229,NA,60,36
1840,1509,28562,NA,60,37
1196,898,15341,NA,60,38
2067,1603,23475,NA,60,39
1200,930,12800,NA,60,40
1853,1437,21905,NA,60,41
1543,1170,20417,NA,60,42
1595,1242,18726,NA,60,43
1458,1105,19076,NA,60,44
1304,1014,18409,NA,60,45
1122,854,15865,NA,60,46
2297,1708,25431,NA,60,47
1400,1055,18775,NA,60,48
1040,815,10892,NA,60,49
478,381,2306,NA,60,50
745,648,4219,NA,60,51
621,513,3697,NA,60,52
759,644,3979,NA,60,53
752,596,6470,NA,60,54
357,273,1821,NA,60,55
711,557,7615,NA,60,56
679,555,6013,NA,60,57
898,713,7443,NA,60,58
932,733,7675,NA,60,59
998,796,6125,NA,61,1
932,725,5915,NA,61,2
954,726,7940,NA,61,3
1071,831,6776,NA,61,4
942,739,9372,NA,61,5
1016,805,10802,NA,61,6
997,762,9397,NA,61,7
1119,879,11698,NA,61,8
1064,866,11209,NA,61,9
1159,901,13643,NA,61,10
1179,956,8149,NA,61,11
1189,967,8403,NA,61,12
1061,821,12133,NA,61,13
1375,1061,9506,NA,61,14
1287,988,8641,NA,61,15
1584,1252,10309,NA,61,16
1115,841,12345,NA,61,17
1028,762,10115,NA,61,18
1322,1077,9047,NA,61,19
1214,905,13094,NA,61,20
1201,892,8312,NA,61,21
1275,927,9032,NA,61,22
1178,894,11980,NA,61,23
1713,1325,11202,NA,61,24
824,643,6641,NA,61,25
763,586,6385,NA,61,26
1699,1314,11109,NA,61,27
814,677,5351,NA,61,28
1048,799,11427,NA,61,29
1443,1055,10168,NA,61,30
824,632,7184,NA,61,31
926,700,9847,NA,61,32
1505,1111,10302,NA,61,33
948,731,10786,NA,61,34
1147,859,7844,NA,61,35
986,757,10992,NA,61,36
1627,1365,23325,NA,61,37
983,753,10104,NA,61,38
1703,1310,11420,NA,61,39
712,571,4340,NA,61,40
1488,1147,9850,NA,61,41
1179,880,8362,NA,61,42
1382,1095,13489,NA,61,43
1245,962,13839,NA,61,44
940,724,6353,NA,61,45
647,525,3416,NA,61,46
1851,1426,12134,NA,61,47
1187,912,13538,NA,61,48
461,375,2830,NA,61,49
894,744,6269,NA,61,50
728,612,5155,NA,61,51
761,652,5234,NA,61,52
747,630,5211,NA,61,53
393,347,2338,NA,61,54
738,618,6893,NA,61,55
472,395,3564,NA,61,56
544,482,2974,NA,61,57
281,262,1558,NA,61,58
307,284,988,NA,61,59
1076,859,8562,NA,61,60
